Title,First name,Last name,Date of birth,Building number or name,Street,Town/city,County,Postcode
Mrs,Laura,Patel,1976-10-12,824,Stuart haven,Port Dylan,County,L78 7NN
Mr,Joyce,Scott,1977-02-03,1,Daly drive,South Ruth,County,WV9 3GN
Mrs,Eric,Martin,1956-12-23,2,Mason cliffs,North Mandystad,County,HA46 3ZS
Mr,Katy,Benson,1988-10-28,672,Louis harbor,McCarthyberg,County,TN3 1HH
Mr,Graeme,Richardson,2000-11-02,489,Preston cliff,Walkermouth,County,L90 5UR
Mr,Pauline,Bailey,1938-08-24,7,Hart parks,Whitefurt,County,L91 1JB
Mrs,Joe,Barlow,1988-12-17,353,Lorraine meadows,Mitchellfort,County,S3 0SG
Mrs,Brian,Cox,1960-07-18,5,Alice manors,Lake Hilaryland,County,GU7Y 2HY
Mr,Jean,Carroll,1957-04-25,54,Natasha coves,South Rita,County,B9F 5QJ
Mr,Luke,Simpson,1968-04-15,10,Alison squares,Sharonborough,County,WV0 6HE
Mr,Julie,Khan,1983-07-03,90,Wayne tunnel,East Rachel,County,E2 4XW
Mr,Carly,Gould,1996-03-20,59,Kim extension,Port Tina,County,B54 1UP
Mr,Dorothy,Kelly,1983-08-10,0,Savage ridges,West Shannonchester,County,N96 2JU
Mr,Stewart,Mahmood,1958-11-07,85,Morris cape,West Lorraineton,County,DL5 3HW
Mrs,Clare,Johnson,1967-10-07,47,Fry mission,Lake Sallyport,County,EX42 7RD
Mr,Gary,Wyatt,1946-08-04,0,Wilson forges,Martynstad,County,B10 1HD
Mrs,Lewis,Fuller,1957-11-01,17,Dominic way,South Caroline,County,B36 0FG
Mrs,Valerie,Hammond,1994-07-09,71,Kay brook,Woodstown,County,TQ0 7LU
Mr,Geraldine,Dunn,1990-01-07,8,Elaine lane,Elainebury,County,M8H 1FN
Mr,Abdul,Taylor,2004-08-10,96,Chapman alley,Glenberg,County,PL9R 0YT
Mrs,Tracey,Payne,1988-06-05,862,Antony loaf,Lake Karen,County,E7D 6EY
Mrs,Matthew,Smith,1961-06-05,7,Ashleigh loaf,Lake Shannon,County,M9B 0HT
Mrs,Carolyn,Craig,1975-09-24,2,Colin court,Lake Anthonybury,County,M0H 3SW
Mr,Susan,Begum,1965-01-16,64,Cameron cliff,Gillianfort,County,DG4 4WS
Mr,Garry,Cameron,2000-12-12,824,Foster isle,Ameliaburgh,County,EH9Y 5DX
Mrs,Nicole,Smith,1940-09-11,619,Aimee fork,West Eileen,County,N4 1BT
Mrs,Joan,Humphreys,2001-12-30,067,O'Neill route,Potterburgh,County,WN2P 8RP
Mrs,Maria,Brown,1987-10-16,809,Deborah forges,Julianville,County,LU6 5SZ
Mrs,Dale,Blake,1989-02-28,0,Norman path,Neilchester,County,E6S 8RA
Mrs,Rebecca,Bowen,1978-07-09,67,Brenda mountains,Port Donnachester,County,S9C 2NX
Mrs,Karl,McCarthy,1980-05-30,9,Andrew dale,Hughesbury,County,WV2W 0JQ
Mrs,Jordan,Smith,1945-04-15,85,Smith divide,New Adamtown,County,EN1P 5AJ
Mrs,Wayne,Marsh,1968-01-20,16,Michael ports,Hayesstad,County,E67 1RA
Mrs,Amelia,Rogers,1936-10-22,523,Townsend junction,New Albertberg,County,B2 3DS
Mrs,Pauline,Cunningham,1986-04-01,8,Stanley parkways,New Juliamouth,County,RG56 6GD
Mr,Scott,Barker,1989-12-07,1,Clark islands,Maxhaven,County,BR26 2WN
Mr,Liam,Rogers,1943-09-29,8,Rachael brook,Davisonfurt,County,DH69 6LY
Mrs,Iain,Hunt,1976-01-20,465,Lynda throughway,Scottview,County,HA87 0XD
Mrs,Mohammed,Ford,1945-08-29,6,Storey shoal,Lake Lauraton,County,TN6 5NN
Mr,Robert,Dickinson,1997-11-16,84,George rue,East Anna,County,WR7 8GG
Mrs,Sarah,Morgan,1950-11-15,825,Turner meadow,Angelaburgh,County,KA2 3NZ
Mrs,Charles,Walker,1950-09-09,87,John spring,Port Jordan,County,NP82 3JE
Mrs,Garry,Jackson,1987-07-27,41,Charlotte street,North Simonville,County,WN5 9QW
Mrs,Clive,Edwards,1956-06-10,488,Akhtar lakes,East Laura,County,WF50 9XE
Mr,Lawrence,Briggs,1988-09-24,852,Guy land,Lewischester,County,E5A 3ZU
Mrs,Angela,Chambers,1943-08-20,394,Hall circles,Grayberg,County,KA21 7QP
Mr,Bernard,Howell,1983-07-27,2,Shirley burgs,Pagetown,County,N6D 5FP
Mr,Andrea,Gardner,1980-12-28,5,Kevin forks,Janetberg,County,PA0P 7XD
Mrs,Gerard,Mahmood,1958-08-14,87,West mission,Janetstad,County,S9D 9WQ
Mr,Lawrence,Webb,1990-07-04,16,Wayne crest,Callummouth,County,L9F 7SW
Mrs,Paula,Price,1950-11-09,64,Mandy fall,Annachester,County,RG3Y 0LD
Mr,Iain,Rowe,1948-07-06,0,Miller trace,Geraldineport,County,HD75 6BS
Mrs,Jeremy,Howell,1985-08-27,2,Smith unions,Edwardstown,County,CM1R 5ST
Mrs,Terence,Bates,1948-07-24,667,Benjamin manors,South Judith,County,M7 0NR
Mr,Toby,Williams,1962-09-07,210,Dominic drive,New Hannahburgh,County,CH87 3WF
Mr,Barry,Price,1987-08-06,473,Bruce drives,Chloetown,County,M6C 6QD
Mrs,Abigail,Reeves,2002-12-09,8,Marian cliffs,North Leetown,County,G5 9JJ
Mr,Emily,Wyatt,1972-11-09,90,Lynne tunnel,Walkershire,County,L5D 9YN
Mrs,Abbie,Morris,1963-03-29,6,Barnes rapids,Macdonaldchester,County,E2 9QY
Mr,Rosie,Walker,1960-09-19,1,Baker turnpike,Lake Sandra,County,NN9 5UZ
Mr,Suzanne,White,1998-08-24,019,Pearce hill,West Conorbury,County,ST24 5EU
Mr,Carl,Lloyd,1956-04-08,695,Bryant trace,Sharonfurt,County,PH0 3YA
Mrs,Owen,Hopkins,1988-08-18,843,Jones pike,South Jacob,County,GU86 5RJ
Mrs,Karl,Robinson,1985-04-17,7,Ahmed mission,Graychester,County,TR2 7BE
Mr,Damien,Mahmood,1950-10-15,151,Hamilton shores,North Kathrynmouth,County,S3 7JJ
Mrs,Phillip,Brown,1988-01-05,29,Jacqueline mills,Bruceville,County,NE0 0XA
Mrs,Shane,Wright,1961-09-23,74,Ben land,O'Connormouth,County,UB1W 6PZ
Mrs,Caroline,Davies,2003-06-24,7,Callum vista,Lake Tonystad,County,KT37 1SH
Mrs,Karl,Bell,1950-04-20,212,Doherty radial,Murphychester,County,BD6V 4LY
Mrs,Guy,Francis,1950-12-06,4,Marshall flats,Christopherport,County,S6 6EB
Mrs,Charles,Lees,1953-11-01,3,Wheeler circle,Hussainside,County,N62 4AN
Mrs,Abigail,Doherty,1988-10-29,871,Lawrence knolls,Lake Adam,County,N92 9EQ
Mr,Toby,Bradshaw,1978-04-26,3,Tony well,Port Gillianland,County,W8A 6RY
Mr,Patricia,Davies,1945-03-21,2,Owen plaza,New Annettemouth,County,N3J 0ED
Mr,Jack,Byrne,1940-11-25,2,Dennis rest,Anthonyberg,County,KY8P 9ZR
Mrs,Maureen,Martin,1967-08-27,5,Dale mount,East Katie,County,G32 1TG
Mrs,Edward,Jones,1953-11-12,0,Eleanor port,Hussainport,County,M7 2WP
Mrs,Stephen,Hughes,1972-07-22,53,Matthew garden,North Eric,County,HU4 6XW
Mr,Andrea,Chamberlain,1947-01-27,744,Katherine lodge,Bondhaven,County,NN8Y 4NG
Mrs,Carole,Slater,1982-10-12,112,Davies village,North Lyndastad,County,CR8 6SF
Mr,Owen,Curtis,1947-09-05,16,Holmes field,South Alexanderport,County,RH12 3RW
Mr,Judith,Morgan,1973-06-11,241,Hale fall,West Kimberley,County,L2G 6QR
Mr,Susan,Jones,1972-12-28,2,Tucker union,Lake Ireneland,County,M28 3ZQ
Mr,Jayne,Turner,1971-07-23,8,Wilson haven,Lake Hilaryville,County,DL34 3AY
Mrs,Norman,Williams,1986-05-23,508,Sam mews,West Nicholas,County,W45 8BG
Mrs,Alex,Taylor,1990-09-12,360,Williams unions,East Max,County,B2 4ZY
Mr,Valerie,Wells,1979-05-21,199,Kathleen port,West Leeland,County,MK11 0AR
Mr,Tony,Cole,1982-10-17,885,Sheila loop,Samuelburgh,County,SW93 4ET
Mrs,Elliot,Pearce,1943-06-27,3,Nicholas route,Tomfurt,County,DL18 8AZ
Mr,Dawn,West,1982-02-23,180,Hewitt estates,Marshfurt,County,G6 6LE
Mrs,Charlotte,Day,1984-12-02,2,Farmer mall,East Megan,County,ZE4Y 2PA
Mr,Emily,Stone,2003-06-19,504,Fowler turnpike,Briggstown,County,G88 2RR
Mr,Henry,Taylor,1952-02-29,44,Gould skyway,Craigbury,County,M69 8SU
Mr,Leon,Davies,1948-03-20,32,Wall walks,Adamborough,County,DN3R 7JH
Mrs,Owen,Newman,1972-03-01,45,Geoffrey brook,Port Annhaven,County,W6F 7PA
Mrs,Zoe,Fletcher,1964-06-30,618,Jason crescent,North Anneview,County,E3C 0ZF
Mrs,Patrick,Hill,1959-03-30,3,Curtis route,Miahville,County,E41 2RP
Mrs,Owen,Jones,1944-07-04,11,Phillip inlet,Bevanside,County,B2W 8TE
Mrs,Howard,Walton,1963-05-01,77,Kieran skyway,Dawnborough,County,ML9 0XP
Mrs,Katie,Stevens,1988-05-06,665,Williamson summit,Woodville,County,TQ98 9UZ
Mr,Jasmine,Harvey,1939-12-14,0,Smith springs,West Jill,County,L7 9NA
Mr,Jeffrey,Berry,1947-01-26,2,Sykes walks,East Gemma,County,MK55 9WR
Mrs,Joan,Allen,1962-03-28,021,Roberts forges,Brucetown,County,W8 7SY
Mrs,Harriet,Taylor,1974-10-31,8,Kay well,Emmatown,County,LS0 4PT
Mrs,Stewart,Tucker,1989-05-20,766,Steven rue,East Mandy,County,M08 8GF
Mr,Chloe,Campbell,1987-08-24,945,Williams park,South Rachelstad,County,W3 5WD
Mr,Ashley,Smith,1943-10-03,60,Smith harbors,Ellisburgh,County,G9E 1UJ
Mrs,Mohamed,Ford,1974-04-29,7,Murray crest,Port Stuartton,County,IP6Y 8NS
Mrs,Julia,Davis,1998-03-09,433,Rita ferry,Kathrynview,County,LD14 0EY
Mrs,Mohammed,Turnbull,1934-11-17,002,Knight viaduct,Lake Oliviaton,County,G5A 2QW
Mr,Marcus,Smart,1967-09-02,90,Bolton ridges,East Marianton,County,B69 2WL
Mr,Mark,Lewis,1986-02-24,22,Parker ferry,New Ricky,County,S4C 5SX
Mrs,Damian,Collins,1945-05-09,6,Stevens flat,West Caroline,County,EN0 8QY
Mrs,Darren,Booth,1936-07-16,40,Todd forges,Glovermouth,County,M6 7TL
Mrs,James,Jones,1976-03-28,35,Clark highway,South Jennaland,County,B08 7UJ
Mrs,Gordon,Moran,1956-08-31,76,Clark spur,Billytown,County,SP1 7ZT
Mrs,Melanie,McKenzie,1943-08-21,29,Joseph flat,South Carl,County,GL5 8GU
Mr,Patricia,Davidson,1980-05-11,289,Brown row,Clarketown,County,KA16 7FH
Mr,Clive,Hughes,1972-05-17,3,Atkinson shores,Shahberg,County,DL0M 5TE
Mr,Sandra,Hamilton,1990-10-16,3,Hill freeway,Williamsbury,County,B3 9DX
Mrs,Alex,Johnson,1999-10-22,19,Saunders glens,Prestonchester,County,BN96 9UA
Mrs,Caroline,King,1935-10-17,082,Pauline path,Lake Julie,County,RG97 3YS
Mrs,Bryan,Hunter,1983-06-14,615,Matthews fork,Dawnberg,County,W3 8LS
Mrs,Phillip,Patel,1947-01-11,68,Natalie corners,West Joanneville,County,SL0 8BZ
Mrs,Tracy,Smith,1941-10-11,7,Ricky shores,Port Leonardton,County,E34 7AU
Mrs,Lesley,Taylor,1981-03-27,956,Jade springs,Paulinefort,County,B1F 2GX
Mrs,Henry,Atkinson,1987-11-27,1,Lynda mill,Jackmouth,County,LU0H 7RQ
Mrs,Harry,Long,1977-05-29,1,Maureen ferry,Hillshire,County,L2E 8YS
Mr,Duncan,Sharp,1934-04-07,2,Jackson cliff,Matthewview,County,S0 0XN
Mrs,Ben,Cooper,1963-09-19,1,Watson ridge,North Gavinton,County,BR6A 7JN
Mr,Gillian,Mitchell,1953-04-30,3,Powell orchard,Craigmouth,County,M2 3ZL
Mr,Laura,Bailey,1936-06-19,78,Cameron plaza,Jonesbury,County,HP5 0HU
Mrs,Bethany,Patel,1956-09-04,60,Hunt lights,Anneview,County,E0 6BN
Mr,Clare,White,1945-11-09,55,Leon run,West Melanie,County,M80 4JR
Mrs,Julie,Rowe,1957-02-05,716,Stevenson trace,Georginaton,County,SA4 9WU
Mr,Bernard,Lewis,1998-11-22,753,Little mills,Helenchester,County,RM4 1GJ
Mrs,Lynne,Banks,2004-04-21,3,Sam corner,New Bernard,County,B65 8UT
Mrs,Nathan,Wyatt,1980-02-27,409,Terry estates,Gloverland,County,G94 2RY
Mrs,Mohammad,Parker,1971-11-15,79,Smith fords,Taylorberg,County,E3C 1PB
Mrs,Clive,Shah,1976-07-07,972,Hill port,Woodstad,County,WS3Y 0WR
Mr,Thomas,Edwards,1937-01-20,63,Barry prairie,Lake Hannahmouth,County,CV15 9PT
Mr,Matthew,Tyler,1960-01-07,0,Spencer trail,Lewisstad,County,W2J 2XT
Mrs,Amber,Curtis,1959-10-16,46,Jayne bridge,Port Shirleyport,County,SA93 5PJ
Mrs,Tracy,Booth,1937-01-17,226,Charlene lights,Mathewton,County,B62 4EX
Mrs,Anne,Martin,1999-12-07,253,Gilbert freeway,Birdville,County,B7B 0LE
Mr,Antony,Barlow,1969-03-22,000,Frances junctions,Martinview,County,B00 2FG
Mrs,Emily,O'Neill,1998-10-14,592,Leslie island,New David,County,N0H 5FD
Mr,Mathew,Kelly,1984-12-16,723,Jones skyway,New Stacey,County,DL00 3XR
Mrs,Joshua,Hart,1980-12-20,30,Greenwood hill,Port Grace,County,L39 8UA
Mr,Shane,Hunter,1991-07-12,529,Christian squares,Paulineshire,County,MK3V 4XR
Mr,Joanne,Williams,1951-11-09,808,Waters point,New Danny,County,M6 0UF
Mrs,Ben,Collins,1943-11-22,88,Conor rest,Barbaraburgh,County,HG25 7PT
Mrs,Grace,Griffiths,1969-02-27,1,Rosemary port,West Kayleigh,County,M9T 9GQ
Mrs,Heather,Smith,1951-06-17,1,Jake meadows,Armstrongmouth,County,L8 1XS
Mr,Sara,Howells,2004-01-04,92,Swift isle,Osborneville,County,BR8 0YF
Mrs,Kathleen,Parkinson,1975-10-18,040,Taylor fields,Walkerfort,County,M97 7RH
Mrs,Diane,Thomas,1982-12-13,636,Heather islands,Juliatown,County,LL1 0FH
Mr,Lesley,Leach,1971-10-12,9,Lee shoals,Port Kieranstad,County,S89 0TP
Mr,Timothy,Coles,1945-02-20,438,Shane forge,West Holly,County,S5 9GF
Mr,Beverley,James,1963-01-13,881,Taylor fork,Lake Albert,County,G2H 2DN
Mrs,Karen,Miller,1944-06-08,48,Bailey hills,Port Grace,County,NW8 2XW
Mr,Max,Kemp,1945-02-06,07,Cooper crossroad,Brownland,County,YO3 8WG
Mr,Caroline,West,1938-10-20,796,Read lodge,South Shaun,County,DH7 5UH
Mr,Roger,Mann,1971-11-18,29,Zoe club,Lake Olivialand,County,N03 3YQ
Mrs,Joseph,Mason,1963-11-22,105,Martyn terrace,North Billyberg,County,L53 4PP
Mr,Paula,Harris,1994-08-08,7,Christian cliff,East Gerard,County,WA4 2HE
Mr,Reece,Stevens,1952-12-05,1,Samuel roads,Malcolmfort,County,G4S 7XB
Mr,Max,Berry,1951-08-29,9,Robinson ferry,Barrettton,County,B6S 2NN
Mrs,Patrick,Berry,1952-07-31,536,Joshua isle,Janefurt,County,M94 7LP
Mr,Tracey,Schofield,1996-03-19,40,Natasha corner,Williamschester,County,E14 3ZE
Mr,Joshua,Hutchinson,1940-11-19,338,Stokes way,Lake Karen,County,BR14 8QA
Mrs,Wayne,Owen,1982-04-22,4,Mills flat,Johnsonville,County,B0 9LZ
Mr,William,Cooke,1983-01-07,7,Rees haven,Charlesburgh,County,ML68 4HZ
Mrs,Ryan,Foster,1991-06-15,1,Emma knoll,Peterborough,County,G61 1DG
Mrs,Stephanie,Wood,1984-12-12,157,Hugh mission,New Abigail,County,AB1 2JG
Mr,Stewart,Murphy,1937-05-15,9,Curtis islands,Port Lynn,County,N7A 9LA
Mrs,Lynne,Rees,1988-01-14,631,Robertson key,West Natalie,County,DA2W 4ZS
Mr,Edward,Baxter,1951-04-22,75,Patricia station,North Katyburgh,County,E7K 3BN
Mr,Bryan,Williams,1972-05-28,0,Price stream,Natashafurt,County,PH43 9LG
Mr,Natasha,Edwards,1973-08-08,7,Howe springs,South Frank,County,WR1A 6HA
Mr,Dean,Evans,1968-07-05,44,Gilbert shore,Port Kimberley,County,N15 6ZD
Mrs,Antony,Alexander,1936-01-11,94,Jones dam,Bethanyburgh,County,GY8 6SL
Mr,Timothy,King,1983-06-28,0,Clarke falls,West Philiptown,County,KT9H 3ZA
Mr,Peter,Evans,1939-03-08,2,Jackson alley,Lake Julianfort,County,CR0 8AA
Mrs,Pamela,Daly,1990-09-05,7,Allen way,Lake Joanneville,County,BA3P 1TZ
Mr,Kelly,Lane,1987-03-24,41,Joel haven,West Jill,County,B45 0RZ
Mrs,Andrea,Cook,2001-09-22,5,Clark harbors,Yvonnechester,County,SG7W 3GW
Mr,Zoe,Harvey,1981-11-26,8,Gill valley,New Nicolaton,County,NE91 5WJ
Mr,Oliver,Watson,1976-03-09,002,Margaret garden,North Luke,County,CA8W 7US
Mrs,Helen,Ford,1937-03-22,90,Martin cliff,Leeside,County,L6 5ZG
Mr,Charles,Peacock,1963-12-17,00,Hutchinson plain,Charlesberg,County,AL7 2UB
Mrs,Frank,Talbot,1979-10-09,15,Emily estate,East Bethside,County,L7K 5RP
Mrs,Jamie,Holden,1936-04-16,490,Jenna circles,Port Kerryside,County,WV2 8GB
Mrs,Janet,Forster,1947-03-20,53,Hilton club,Port Jeffreybury,County,L7K 4HT
Mrs,Barry,Clark,1981-09-12,339,Tracy locks,Lewisborough,County,PA16 7FG
Mrs,Mitchell,White,1955-11-16,7,Wood junctions,Port Steven,County,W8D 1FP
Mr,Maureen,Bolton,1986-04-28,84,Lewis ways,Jonesfort,County,SY5 5FA
Mrs,Ashley,Hughes,1946-04-11,315,Howard station,Port Geoffreybury,County,SK98 2ES
Mr,Samantha,Smith,1971-07-11,3,Gregory pass,New Antonybury,County,DA3X 6RU
Mrs,Carol,Cooper,2002-02-15,88,Garry brook,Smithmouth,County,CO9 7NS
Mrs,Jade,Fisher,1959-06-02,09,Nicola greens,North Damian,County,IM1 1BL
Mr,Christian,Brooks,2005-12-06,6,Alex centers,Martynville,County,PL0 1RY
Mr,Brett,Morgan,1987-05-06,963,Jacqueline dam,West Harryborough,County,WN3V 3FX
Mr,Mary,Noble,1941-04-13,119,Bond isle,Robinsonborough,County,W9H 0ZU
Mrs,Paige,Price,1953-11-08,459,Pauline square,Marilynstad,County,M9 7HA
Mrs,Ann,Phillips,1956-09-25,278,Marion rapids,South Marian,County,L12 5TQ
Mrs,Teresa,Sutton,1937-02-05,541,Clarke via,Port Ritashire,County,BN1 9ZN
Mr,Sally,O'Neill,2004-07-20,211,Williams forge,South Robinmouth,County,SY3 3ER
Mr,James,Shah,2002-02-16,45,Jenkins expressway,Pamelachester,County,WS1V 3DT
Mr,Daniel,Ali,1990-01-04,3,Julia causeway,Emilychester,County,BS3 5BA
Mr,Jacqueline,Taylor,1939-05-03,11,Victor avenue,New Raymondhaven,County,CA1 5YX
Mrs,Jessica,Collins,1960-06-11,780,Lewis loop,East Brenda,County,KT5 8RT
Mr,Raymond,Green,1985-06-07,02,Mandy union,South Molly,County,SO83 4LH
Mr,Gavin,Powell,1992-05-23,9,Ryan drives,Nelsonfort,County,SO7 2TT
Mr,Mitchell,Miah,1978-02-16,778,Willis squares,Denisport,County,SO6 5RW
Mrs,Bradley,Morgan,1999-03-19,750,Watson walk,South Chelseamouth,County,JE7 5YR
Mrs,Elizabeth,Morris,1944-02-27,217,Yvonne parks,Port Henry,County,M2 3TG
Mrs,Joel,Patel,1938-12-10,70,Watts orchard,Murrayport,County,N8 4BD
Mr,Katherine,Watts,1937-01-15,52,Cox drive,Port Tracey,County,E9 7AN
Mr,James,Bradley,1963-09-14,84,Dixon key,Joanfurt,County,N3J 1HE
Mr,Conor,Brown,1952-04-19,140,Victoria hills,South Marilyn,County,G30 7UA
Mrs,Lee,Campbell,1992-08-02,861,Josephine place,New Rhys,County,M6 0LG
Mrs,Harry,Johnson,1993-10-13,822,Eileen radial,North Andrewstad,County,SM5X 2XY
Mr,Derek,Taylor,1979-02-23,7,Holland mill,East Kathleen,County,S4 9SU
Mrs,Anna,James,2003-03-05,773,Collins forest,Kayleighside,County,L6G 5XP
Mr,Melanie,Sykes,2005-12-30,7,Green trail,East Charlenestad,County,B8H 2LX
Mr,Justin,Carpenter,1962-11-26,86,Williams fork,Shawborough,County,L81 5AT
Mr,Oliver,Walker,1966-04-24,1,Turner avenue,Nicolaport,County,N11 3PY
Mr,Jack,Smith,1951-12-26,69,Steven tunnel,Hussainside,County,HD6N 5FT
Mrs,Beverley,Foster,1937-11-16,175,Barry stravenue,Millsland,County,NP37 2LJ
Mrs,Duncan,Nolan,1950-06-02,01,Gemma springs,New Emmaborough,County,PO4 8BJ
Mrs,Hayley,Harrison,2001-05-20,15,Sharon parkway,Toddtown,County,S3 7JG
Mrs,Eric,Knowles,1972-09-03,93,Dylan hill,Lake Craig,County,M9 9NL
Mr,Josephine,Wright,1958-09-14,57,Nicole alley,North Denisshire,County,B31 5SB
Mr,Gregory,Woods,1970-11-19,90,Vanessa trail,South Alex,County,S8 4UE
Mrs,Damian,Berry,1998-10-13,81,Kate radial,Saundersshire,County,TD21 0DX
Mrs,Susan,Walton,1981-07-21,982,Powell loop,Rhodesbury,County,PA9 2EQ
Mr,Leigh,Richards,1938-09-09,898,Pearson club,West Lawrence,County,N7 5WZ
Mr,Rosemary,Glover,1979-01-15,89,Daniel mews,Johnsonmouth,County,SK7N 7ET
Mrs,Martyn,Moore,1940-11-28,2,Murphy motorway,North Craigtown,County,CA0 1QE
Mrs,Pauline,Morley,1939-04-02,288,Osborne brook,Maryberg,County,TF5 9SG
Mr,Tina,West,1983-10-13,651,Alexander cliffs,East Scott,County,DT05 7RT
Mrs,Samantha,Wright,1990-01-03,71,Taylor lodge,South Ericshire,County,E7S 7WX
Mrs,Teresa,Richards,1972-09-04,73,Rogers station,North Joycemouth,County,N5 3PS
Mr,Rosemary,Holmes,1956-09-05,118,Young union,Deanstad,County,SY5B 1ZZ
Mr,Helen,Ahmed,1933-10-05,3,Giles radial,Lucymouth,County,M9U 6LG
Mrs,Sarah,Hutchinson,1993-12-04,5,Brandon lake,Port Andrewton,County,E46 3FE
Mr,Denise,Davies,1939-11-15,345,Knight vista,Kevinbury,County,B7 0ZZ
Mr,Robert,Brown,1938-05-25,34,Ball viaduct,Georgiashire,County,CW4X 9GJ
Mrs,Tom,Mills,1958-03-25,89,Davies flat,Ellisshire,County,BS76 5LF
Mrs,Jodie,Garner,1955-04-17,160,Williams trafficway,Mohammadburgh,County,LS72 5NQ
Mrs,Karen,Walker,1975-06-23,497,Karl villages,Lucyland,County,EX9V 6DP
Mrs,Anne,Wilkinson,1991-04-15,91,Edward motorway,Leonberg,County,N0S 9QS
Mrs,Josephine,Hargreaves,1969-03-21,0,Janice extension,Port Allanfurt,County,IP8 7YG
Mrs,Katherine,Roberts,1941-05-12,436,Jemma hollow,East Suzanneborough,County,BT3M 4ZQ
Mr,Joyce,Patel,1991-03-13,107,Chan center,Bevanborough,County,G71 2ZX
Mr,John,Edwards,1958-01-11,7,Georgina manors,Josephinemouth,County,FK6 4HX
Mr,Geoffrey,Barrett,2000-06-03,0,Annette ramp,Wayneberg,County,B5E 9LT
Mr,Suzanne,Frost,1957-05-07,187,Amelia viaduct,Angelaburgh,County,N7 9ZE
Mr,Stuart,Savage,1938-08-10,271,Harry greens,North Pauline,County,IV4 9RG
Mr,Kerry,Hall,1981-02-16,037,Sarah parkways,Sharonville,County,BD49 7LX
Mr,Colin,Gregory,1995-08-15,8,Rita brook,Colemanfurt,County,S0K 6LJ
Mrs,Susan,Bailey,1938-02-28,7,Diane mountain,North Robert,County,SA4 3PX
Mrs,Andrew,Bruce,1974-01-18,423,Pamela meadows,Leeburgh,County,SE9E 0BU
Mrs,Elliot,Chapman,1936-09-24,05,Jamie corners,West Jodiefort,County,E0 7XQ
Mr,Frances,Benson,1984-08-31,1,Iqbal island,Harveymouth,County,N19 0YJ
Mr,Amber,Berry,1986-08-03,70,Rogers drives,Lake Teresa,County,G9 2WA
Mrs,Thomas,Slater,1937-06-18,785,Josephine extension,Parkerfort,County,L9S 0WU
Mr,Kim,Perry,1969-06-30,42,Bethan fields,Georgebury,County,TA10 4GS
Mr,Rita,Edwards,1998-06-29,686,Green dale,Keithstad,County,CB5X 4GB
Mrs,Ashley,Harris,1937-09-16,7,Matthew extension,Brendamouth,County,M6S 7YH
Mrs,Linda,Smith,1970-01-05,078,Patrick coves,Wilsonmouth,County,G82 6SA
Mr,James,Mahmood,1989-05-23,16,Webb terrace,Susanstad,County,N5 5RT
Mrs,Andrew,Sullivan,1983-11-13,79,Tom brook,Joneston,County,LN6A 5QD
Mr,Richard,Wilkinson,1999-01-19,28,Brandon mount,Nicholsonhaven,County,PO6 1QR
Mr,Vincent,Hewitt,1991-03-06,269,Gillian station,Allentown,County,HP1 5HA
Mr,Kyle,Ford,1997-08-07,9,Holmes creek,Lake Carlyville,County,SW8 1SL
Mr,Frances,Steele,1944-03-29,199,Luke ville,West Daniel,County,G7 2UX
Mrs,Anna,Preston,1996-04-20,666,Raymond oval,Dalebury,County,BR33 3SW
Mrs,Graeme,Brooks,1994-08-22,809,Davies track,Barnesburgh,County,L24 7GD
Mr,Mohamed,Fletcher,1964-10-17,4,Saunders pike,Port Saraberg,County,MK0 2UW
Mrs,Gary,Ross,1936-05-01,6,Page forges,Trevorchester,County,M7 9FZ
Mrs,Marie,Turner,2001-01-04,5,Paul corner,Port Jillland,County,ME9 1NX
Mr,Lindsey,Brown,1983-05-25,4,Dylan lake,Aliton,County,DL7Y 4XE
Mrs,Josh,Morris,1974-01-22,575,Harry ways,Brianmouth,County,CV61 4RH
Mr,Carly,Andrews,1968-10-19,51,Robinson rest,Port Deborah,County,TR1 8SU
Mr,Yvonne,Walters,1991-10-18,07,Russell course,Hallside,County,BR0P 8NS
Mrs,Timothy,Marsh,1974-10-30,236,Toby gardens,Port Shaunland,County,TN7 3AD
Mr,Valerie,Bennett,1973-11-11,891,Savage run,North Malcolm,County,G0 5TT
Mr,Natasha,Williams,1939-12-06,882,Faulkner burgs,Dianeland,County,EC6P 7YH
Mrs,Glen,Stokes,1987-05-04,020,Leon ports,Morganmouth,County,IG20 9BB
Mrs,Scott,Smith,1945-09-16,4,Louise isle,Lake Bradley,County,W8 7AA
Mr,Graham,Hanson,1981-03-22,877,Jeffrey plaza,Hayesbury,County,SR5E 4XD
Mrs,Rebecca,Dyer,1992-03-19,59,Smith meadow,West Hollyland,County,HS2P 3JX
Mrs,Ben,Ali,1985-02-25,93,Pratt shoals,East Lynda,County,ME5 7WG
Mrs,Molly,Burton,1940-02-09,6,Wright freeway,West Abbie,County,CO0 6HR
Mrs,Arthur,Jackson,1946-02-18,15,Nicole rapid,East Louiseside,County,OX2 7QY
Mrs,Jeremy,Ward,1940-10-08,3,Farrell avenue,Lake Fiona,County,HS9 3BW
Mr,Katy,Martin,1952-10-07,1,Amelia lake,Ruthstad,County,PR7B 7WA
Mr,Anthony,Jones,1970-08-27,3,Graham ports,Oliviabury,County,W30 0QA
Mrs,Jean,Thomas,1941-03-31,809,Georgina way,Leannemouth,County,TA8 4TU
Mr,Bradley,Wilson,1959-05-25,8,Kenneth cove,Lake Josh,County,E58 3GH
Mr,Sean,Kaur,1937-11-28,28,Jayne inlet,Lake Nicole,County,LD28 4BH
Mr,Aimee,Walker,1960-01-19,78,Jones highway,Bishopmouth,County,S3 1WP
Mrs,Gregory,Winter,1934-07-12,48,Russell club,Wilkinsonbury,County,S1 1TG
Mrs,Ricky,Alexander,1974-01-15,680,Natalie vista,East Conor,County,DD6V 3SQ
Mr,Alice,Barlow,1991-05-13,85,Todd bridge,Cooperbury,County,B5J 5TL
Mr,Carl,Barker,1980-03-26,17,Bell junction,Glennside,County,DN7 2ZX
Mrs,Kathleen,Campbell,1948-03-28,627,Scott port,Stewarttown,County,JE3E 3LB
Mrs,Janet,Smith,1945-08-30,3,Wayne flats,Lake Melanieville,County,W8J 9YN
Mrs,Francis,Sutton,1941-12-11,549,Townsend ranch,Dawsonstad,County,DN2 2HU
Mrs,Mark,Adams,1963-06-21,24,Hannah path,Anneburgh,County,W4 1XZ
Mr,Patricia,Myers,1988-11-10,64,Jackson crossing,Byrnemouth,County,CA3P 4AB
Mr,Beverley,Wilkinson,1982-04-14,517,Graeme summit,North Brett,County,S2G 2WQ
Mr,Antony,Myers,1975-02-12,2,Deborah parkways,South Frances,County,S85 0NB
Mr,Stewart,Cooper,1977-01-17,3,Moore ranch,Hugheshaven,County,L6 0SQ
Mrs,Charles,Anderson,1976-01-23,273,Kenneth neck,Port Janet,County,N58 2SA
Mr,Bernard,Cooper,1941-08-24,873,Cook tunnel,New Trevortown,County,GY70 5EY
Mrs,Matthew,Jones,1962-01-03,466,Griffin mews,New Joanne,County,E2 0DQ
Mrs,Maria,Grant,2002-07-09,853,Harry stravenue,Jonesmouth,County,S3 6QW
Mr,Lindsey,Hughes,1999-10-20,6,Luke street,Cookmouth,County,SY93 1YG
Mrs,Aimee,Watson,1986-05-30,144,Andrea point,Carolyntown,County,E79 8RL
Mr,Vanessa,Wilson,1997-01-11,35,Philip curve,East Natasha,County,N0 0LP
Mr,Hazel,Edwards,1956-09-28,611,Henderson lane,Thompsonmouth,County,N06 8DS
Mrs,Frances,Gordon,1958-11-04,6,Morgan squares,West John,County,G07 8FE
Mrs,Susan,Carr,1958-04-30,334,Adrian vista,New Jodie,County,L20 4HB
Mrs,Jane,Jones,1958-06-24,365,Shaw squares,New Rita,County,M0K 1QQ
Mrs,Gerald,Hughes,1985-03-15,615,Mitchell port,Lake Maureentown,County,G54 3SU
Mrs,Naomi,Mitchell,1981-05-14,2,Porter brook,New Harrietview,County,G1T 2RD
Mrs,Katherine,Lamb,1976-04-17,770,Smith run,Lake Heather,County,DT8B 4PN
Mrs,Jill,Lloyd,2004-05-22,60,Gemma branch,North Kellyton,County,HD5 4AR
Mr,Geraldine,Smith,1939-05-12,3,Jodie forks,Victoriafurt,County,LN0 1SL
Mr,Brian,Harrison,1976-05-21,819,Allen port,New Jackview,County,WN6 6RN
Mr,Lorraine,Hall,1935-09-29,3,Garner stravenue,South Judithtown,County,ST8R 5UP
Mrs,Norman,Ford,1955-05-10,7,Roy burg,North Elliotchester,County,G9 1WW
Mr,Craig,Gordon,1956-10-26,3,Joel stream,North Ben,County,SM2H 5RT
Mr,Damien,Jones,1949-09-02,195,David loop,Williamsview,County,HS35 8XG
Mr,Melissa,Fuller,1974-09-30,073,Trevor unions,East Maureenburgh,County,HP6 6EW
Mr,Julian,Wong,1939-04-30,64,Jones ford,South Craig,County,RG0 4DF
Mr,Barry,Young,1965-07-21,935,Warren springs,West Cherylside,County,S9 0TE
Mrs,Lynda,O'Brien,1941-04-02,55,Dale mall,Butlermouth,County,E6T 6GL
Mr,Barry,Kelly,1999-08-18,733,Hill pines,Suzanneview,County,WS41 8BU
Mrs,Joshua,Webster,1941-09-04,4,Kelly dale,Bethanshire,County,TR9Y 2YG
Mrs,Bruce,Collins,1951-07-31,603,Shaw rapid,North Susanshire,County,S4J 2YD
Mrs,Jacob,Dawson,1952-04-12,63,Tom fort,Annfurt,County,LE93 9EB
Mrs,Ricky,Anderson,1942-03-10,022,Jane rapid,Daniellehaven,County,E4 9SG
Mrs,Mitchell,Nicholls,1997-04-28,19,Adam crossroad,East Elizabethhaven,County,B2U 8FQ
Mr,Elaine,Hall,1987-02-17,5,Eileen passage,Dianemouth,County,PH5 1FZ
Mr,Christine,Morley,1956-03-24,66,Carter harbor,New Cameron,County,WS3 0SN
Mr,Christine,Holden,1955-05-16,712,Katie ferry,Aliland,County,WV1X 9DA
Mr,Jayne,Sutton,1976-09-09,91,Carl stravenue,Pearsonmouth,County,NE80 5UA
Mr,Janet,Baxter,1982-06-28,7,Webster avenue,East Owenfurt,County,N1 7XR
Mr,Frank,Wong,1940-03-17,0,Sian wells,Lake Paulineburgh,County,S7W 8PU
Mr,Natalie,Thomas,1944-02-19,622,Reece alley,Collinsburgh,County,S4 5HU
Mrs,Leon,Roberts,1935-10-28,55,Butler gateway,New Janetberg,County,E88 2PG
Mrs,Sean,Greenwood,1989-11-18,1,Tracy court,Barbaraborough,County,L8 8UQ
Mrs,Amber,John,1944-01-04,0,Evans terrace,East Jonathanmouth,County,S13 7RX
Mr,Leon,Hill,1951-07-22,88,Roberts green,Damianland,County,IV64 5BZ
Mrs,Ashley,Shaw,1943-09-17,622,Hopkins plains,New Cherylville,County,N0 4WT
Mr,Chloe,Bennett,1987-12-07,11,Samantha pass,East Terry,County,G51 0ZB
Mrs,Antony,Parker,1995-03-29,031,Denis lake,Lloydmouth,County,E3J 9AG
Mr,Stephanie,Haynes,1977-04-14,209,West court,Lake Stacey,County,W19 9AY
Mr,Stewart,Tomlinson,1992-09-30,64,Singh ports,Port Julia,County,S53 2LD
Mr,Melissa,Ward,1960-06-28,92,Joe center,Gibbonstown,County,G1U 0HH
Mrs,Pauline,John,1986-01-09,1,Norton mountains,Mohamedburgh,County,N2 3TR
Mrs,Jill,Saunders,1999-03-10,293,Poole stravenue,Port Kathrynview,County,E66 7NB
Mr,Howard,Holland,1984-12-19,1,Ricky burg,Hayesville,County,M91 5BZ
Mr,Frank,Cox,1971-07-20,2,Griffiths road,Ianbury,County,EN65 1ZB
Mr,Joan,Foster,2001-12-30,269,Kathleen springs,Lake Mathew,County,LU19 8SE
Mrs,Carole,McLean,1999-01-27,39,Matthew land,Alexandramouth,County,IM89 3SH
Mr,Francesca,James,1952-11-19,93,Harry falls,Hallmouth,County,L6J 6ZZ
Mrs,Beverley,Bell,2004-12-12,875,Edward spurs,Marcfurt,County,TF2R 6LQ
Mr,Beth,Sharp,1961-02-20,45,Blake rapids,Stephaniefurt,County,S8K 6EN
Mr,Joshua,Simmons,1988-12-29,2,Malcolm highway,Lake Margaret,County,B4S 0XE
Mr,Shane,Davies,1954-02-24,900,Mathew hill,North Adrian,County,YO4 0XW
Mr,Josh,Davis,1967-11-04,57,Natalie inlet,Lewistown,County,AL5X 9NL
Mrs,Terence,West,1942-09-19,82,Thomas way,Naomihaven,County,LL3Y 3PT
Mrs,Toby,Turnbull,1975-11-17,13,Murphy inlet,Phillipston,County,EH8 6QX
Mr,Russell,Robinson,1983-07-24,777,Daniel inlet,Hugheston,County,G0 0LD
Mr,Kieran,Baker,1965-10-06,3,Linda islands,West Fiona,County,M0T 8FJ
Mr,Sophie,Morris,1943-08-09,00,Owen skyway,Lake Megan,County,G7 1ES
Mr,Terence,Ali,1974-07-18,95,Abbie throughway,West Gerard,County,DL06 9PX
Mrs,Brett,Hunt,1961-07-08,1,Fry square,New Shirleymouth,County,TQ59 9JL
Mrs,Samuel,Iqbal,1969-05-22,04,Clare prairie,Port Zoetown,County,EX8H 5JH
Mr,Lewis,Green,1987-05-29,3,Harry pike,Coxhaven,County,DL5 6TN
Mrs,Christopher,Cook,1978-04-01,8,Samuel springs,South Molly,County,G5 8YU
Mr,Marian,Conway,1958-06-09,92,Vincent estate,South Joeside,County,SK4 6AH
Mr,Ian,Glover,1939-03-20,492,Paige prairie,Jeanmouth,County,WN5 2TZ
Mrs,Christopher,Hart,1943-10-30,373,Eileen cape,Hammondmouth,County,L4 8HH
Mrs,Iain,Todd,2002-01-06,64,Paul station,Angelaport,County,G4 9LD
Mr,Alison,Spencer,1972-02-04,31,King divide,Lake Lewis,County,E1K 6HD
Mrs,Georgina,Wilkins,1950-06-13,9,Jay union,Callumshire,County,DT3 7ZW
Mrs,Barry,Jones,1970-11-05,9,Burton meadows,East Joel,County,TR95 0RU
Mr,Keith,Sutton,1975-04-10,370,Bradley highway,Melissafurt,County,ST5 5BU
Mrs,Suzanne,Mitchell,1952-04-14,833,Josh crossroad,Mitchellmouth,County,SM2X 7YL
Mr,Rachael,Brown,1995-10-02,406,Jean fort,Scottchester,County,SR90 0BA
Mrs,Denise,Howell,1952-10-10,27,Baker bridge,Hallchester,County,CW3 3DJ
Mrs,Guy,Morton,1948-05-10,15,Kayleigh branch,Kimview,County,CA49 0PD
Mr,Garry,Baxter,1961-01-27,3,Geoffrey crescent,Wardmouth,County,TS3P 2PA
Mrs,Jay,White,1978-10-26,3,Ross keys,Ericchester,County,L5 3PD
Mr,Andrew,Gray,1990-05-04,74,Nathan road,Lake Dianaside,County,IM6 1SG
Mr,Edward,Shaw,1963-08-02,0,Williams parks,Port Norman,County,PO9 7ZQ
Mrs,Leonard,Thomas,1969-04-04,6,Gill way,Cartwrightfort,County,NP6A 7TW
Mrs,Robert,Ward,1946-02-21,5,Henderson extensions,North Ruthburgh,County,NG49 0AQ
Mrs,Daniel,Harrison,1939-08-20,3,Goodwin plain,Port Kathrynberg,County,LS3R 4SB
Mr,Bryan,Blake,1989-12-09,4,Smith crossroad,Leonchester,County,G8 4PB
Mr,Jack,Randall,1939-02-16,865,Slater via,South Mitchellfurt,County,WC20 6EB
Mr,Catherine,Alexander,1961-05-04,849,Stephen mission,Paulmouth,County,E18 8BS
Mr,Lydia,Miller,1972-05-24,642,Hyde roads,Smithberg,County,TD62 4TB
Mr,Sally,Morgan,1979-12-21,843,Paula parkway,Zoeberg,County,M8E 0AN
Mrs,Robert,Sinclair,2001-04-09,4,Cook junctions,Gavinshire,County,S25 3BJ
Mr,Josh,Jones,1985-11-28,63,Adams vista,South Charlesstad,County,E9J 3QZ
Mr,Alison,Barton,1992-10-06,98,Greenwood point,Hughesfurt,County,L3 2NL
Mrs,Angela,Waters,1943-02-26,5,Michael mill,East Jonathanfort,County,N11 9TY
Mr,Gail,Parker,1989-06-15,722,Alice course,Begummouth,County,HA38 4UT
Mrs,Georgia,Cook,1939-02-01,65,Booth lodge,West Maurice,County,G03 9ZX
Mrs,Joel,Brooks,1941-04-13,90,Clare center,New Katy,County,S94 3PR
Mr,Mark,Thomas,2001-01-10,1,Josephine plains,East Owenstad,County,DD05 8BD
Mrs,Leonard,Parry,1954-07-20,682,Hall shores,Woodbury,County,EC10 3EL
Mrs,Allan,Bennett,1978-03-28,018,Brooks orchard,West Hayley,County,WR9 9YQ
Mrs,Eileen,Davies,1936-09-13,4,Suzanne station,Lake Jasmineburgh,County,PE3 0FD
Mr,Karl,Alexander,1968-03-28,14,Norman isle,Turnerton,County,KW5 8BF
Mrs,Norman,Bentley,1997-11-23,972,Kirsty locks,Lake Charlenefort,County,SY5N 9TP
Mrs,Sally,Chan,1986-04-29,6,Turner corner,West Conortown,County,N1C 7PU
Mr,Bethany,Cole,2002-07-14,6,Mills islands,Atkinsonborough,County,W4B 4NJ
Mr,Paula,Robertson,1994-09-08,121,Smith mission,Leonton,County,G6B 3ZL
Mr,Bryan,Barrett,1999-05-09,1,Wilson hills,East Pamela,County,E0 5BA
Mrs,Shaun,Jackson,1978-03-16,301,Hilary manor,Saundersville,County,W6G 7RB
Mrs,Catherine,Nicholson,1959-01-18,01,Clive junctions,Cooperland,County,DL6A 2HD
Mr,Kathleen,Clarke,1979-06-14,422,Melissa squares,Petersfurt,County,CR8B 4FT
Mr,Ann,Anderson,1937-10-26,244,Craig burg,Jackport,County,KA8 6GY
Mr,Carl,Shaw,1940-02-20,89,Sarah mission,Trevorborough,County,G27 1AP
Mr,Kenneth,Herbert,1979-03-09,6,Carr turnpike,Port Helen,County,TN7P 5HJ
Mrs,Terry,Norman,1971-04-17,77,Samantha hills,New Benport,County,L8S 2YA
Mr,Paige,Miller,1981-11-09,52,Alexandra neck,Sharonmouth,County,E98 9YU
Mrs,Roy,French,1999-05-14,04,Aimee squares,South Marcus,County,G0T 6NE
Mr,Laura,Green,1976-12-16,588,Julia locks,Port John,County,E06 4SG
Mrs,Brian,Lynch,1983-07-01,99,Cheryl skyway,Hilaryport,County,EH3 2ZR
Mr,Georgina,Sharpe,1955-09-18,17,Fletcher common,Lake Saraport,County,L27 4BD
Mrs,Brenda,Cooper,1991-11-28,88,Sharpe club,Lake Maureenfort,County,GL0R 5DR
Mrs,Grace,Chambers,1998-12-11,38,Caroline inlet,East Timothyborough,County,CA76 6DX
Mrs,Jemma,Porter,1986-06-05,63,Marilyn dam,Evansbury,County,G93 5US
Mr,Nicole,Jordan,1989-12-15,0,Gardiner prairie,South Derekland,County,HS5 8LT
Mr,Jenna,Scott,2005-11-14,82,Price landing,Port Glenn,County,CR47 7YB
Mr,Guy,McLean,1943-10-04,36,Kayleigh landing,Kennethburgh,County,W58 8QY
Mrs,Mohammad,Freeman,1993-12-27,01,Hurst forks,Port Christian,County,S80 8PG
Mr,Samuel,Cox,1979-12-14,190,Allan walks,Emmaton,County,RM8 7FX
Mrs,Kevin,Webb,1995-12-14,553,Bradley manor,South Joetown,County,E46 2PP
Mrs,Francis,Cox,1959-05-20,272,Stewart drive,South Gavinfort,County,TW77 5XN
Mrs,Mathew,Smith,1997-03-28,99,Saunders neck,North Elaine,County,G4 4PJ
Mrs,Rita,Hicks,1975-02-27,68,Bruce hollow,South Julialand,County,W3 3ZR
Mr,Stanley,Marshall,1987-09-22,202,Ricky pines,Port Nicoleton,County,KA3M 2DJ
Mr,Lindsey,Ali,1954-07-16,29,Elaine center,North Suzanneport,County,G5 0RS
Mrs,Abdul,Smith,1944-08-22,4,Dorothy circles,Lewisfurt,County,ML3 3XF
Mrs,Janice,Jones,1942-07-17,16,Lindsey locks,Fletcherborough,County,NN0 1LL
Mr,Claire,Baker,1933-11-24,15,Gemma loaf,Johnsonborough,County,E9T 1EN
Mrs,Leigh,Robinson,1961-05-23,72,Saunders forge,Lake Carlfurt,County,W46 0AU
Mrs,Joseph,Ryan,1999-06-07,2,Oliver spur,Glenberg,County,E7 8EZ
Mrs,Jenna,Williams,1961-09-01,605,Jane villages,Eleanorport,County,CV26 3GL
Mrs,Kirsty,Hall,1978-05-10,3,Watson plain,New Deborah,County,TD99 4YX
Mr,Kenneth,Wood,1950-05-09,673,Tina mission,Robinsonton,County,BA2 1PJ
Mrs,Charlene,Bell,1959-05-16,2,Baker roads,Allenland,County,KY0 7AG
Mr,Luke,Williams,1984-12-14,866,Cook street,South Kathleenton,County,M95 7UG
Mr,Anthony,Smith,1984-08-10,5,Dobson meadow,Port Frankfurt,County,TR2 3QB
Mrs,Richard,Pearson,1938-10-10,70,Taylor islands,Wilsonville,County,NW8A 5UF
Mrs,Louis,Smith,1953-07-02,60,Jodie field,Gordonfort,County,L84 0ZN
Mr,Alan,Turnbull,1988-05-22,462,Victor drive,Campbellstad,County,OX6B 3GG
Mr,Christian,Jones,1980-01-12,822,Eileen drive,North Dominicburgh,County,B0K 4SB
Mr,Jake,Cooper,1965-04-02,146,Rowley knoll,Smithstad,County,M2E 1XX
Mrs,Joanne,Taylor,1962-09-17,442,Archer ramp,Deniseberg,County,N5 0XT
Mrs,Damian,Hudson,1967-05-19,4,Brett springs,South Clarestad,County,N09 3LP
Mr,Vanessa,Simmons,1970-05-12,1,Declan road,North Stephanieview,County,DA4E 3UG
Mrs,Jayne,Green,1947-04-25,010,Phillips cliffs,Chanview,County,M49 9BW
Mrs,Kyle,Fleming,1940-12-20,324,Joanne hill,Hydemouth,County,E27 4EQ
Mr,Christine,Price,1960-06-01,5,Hilary river,Danielview,County,BN1 1QW
Mr,Emma,North,1965-09-20,213,Wilson view,North Kayleigh,County,L1 1LW
Mr,Christian,Read,1997-12-02,9,Oliver river,Burnsmouth,County,EN7V 8UW
Mr,Sheila,Evans,1939-01-23,092,Ann cape,Tuckerburgh,County,N4 4AW
Mr,Katy,Jones,1968-09-28,2,Josephine port,East Robinberg,County,PH7R 9NF
Mr,Marcus,Walker,1981-05-23,845,Jane glen,Port Shaun,County,B9 7RE
Mr,Henry,Smith,1945-09-22,4,Gordon greens,Shaunburgh,County,FY7 4YT
Mrs,Adam,Duncan,1959-01-30,39,Cole walk,Port Gailmouth,County,B0 1WL
Mrs,Adrian,Byrne,1958-02-27,717,Jay dam,Ahmedtown,County,W5 2BL
Mr,Aaron,Payne,1971-01-23,77,Gilbert ports,Kentfurt,County,N66 3WP
Mrs,Shannon,Johnson,1971-02-24,4,Stewart trail,South Susanville,County,M54 7LB
Mrs,Harriet,Walsh,1939-02-22,684,Newton estates,South Trevor,County,TD8A 0UY
Mr,Dean,Moore,1948-08-16,49,Lewis fields,Grayport,County,N18 9US
Mr,Kieran,Thompson,1963-08-14,683,Pauline oval,North Louise,County,BR1H 0DJ
Mr,Lynda,Morgan,1942-06-06,020,Baker underpass,West Robert,County,HG2Y 9PA
Mrs,Mitchell,Francis,1964-12-27,1,Smith club,Lake Oliviaberg,County,DN5E 5XY
Mrs,Adrian,Power,2005-11-12,68,Simmons plaza,North Janeberg,County,HG52 6EP
Mr,Diane,Jackson,1934-12-12,28,Pamela circle,West Leahside,County,L9 7NZ
Mrs,Josh,Wood,1961-03-05,47,Mills burg,North Julie,County,CO3R 7NA
Mr,Gemma,Griffiths,1967-07-19,9,Pearson flats,New Joyce,County,BD25 9BA
Mrs,Susan,Ward,1989-09-27,02,McKenzie mountain,Lake Sianfurt,County,L84 7ZJ
Mr,Jonathan,Baldwin,1980-11-26,55,Murphy mount,Howardton,County,N7E 2RQ
Mrs,Joseph,Nicholson,1976-03-23,894,Valerie grove,Lucyhaven,County,CT0 2QN
Mrs,Valerie,Evans,1978-05-01,1,Julian squares,East Terenceside,County,N6G 9XP
Mrs,Jodie,Price,1936-01-02,2,Tom plains,Christineburgh,County,W00 2SU
Mr,Nigel,Clarke,1981-04-02,00,Neil plain,New Georgiaberg,County,SO6W 0PA
Mrs,Sian,Shah,2003-12-29,834,Graham fort,New Denismouth,County,M5U 0DS
Mrs,Allan,Fuller,1961-04-09,31,Kevin way,Emmaside,County,IG7M 2SW
Mrs,Kimberley,Harding,1944-09-14,05,Thomas run,Albertshire,County,B92 6NZ
Mrs,Brett,Williams,1950-10-09,81,Hamilton underpass,Lake Declanberg,County,DY6 3YP
Mr,Chelsea,Ellis,1989-12-02,246,Hale course,Sarafurt,County,M07 4DX
Mrs,Eleanor,Russell,2002-05-09,12,Dunn orchard,Jeanberg,County,ST4 1HB
Mr,Nicole,Chandler,1985-08-30,10,Smith green,Clarkport,County,DA4B 7NE
Mrs,Lawrence,Morton,1984-02-28,52,Jessica point,Lawrencemouth,County,BD58 2ZR
Mrs,Marc,Jones,1965-02-27,9,Spencer keys,North Juneland,County,G6 0JB
Mrs,Carole,Reynolds,1940-09-22,84,George crescent,Samtown,County,EX38 9HG
Mrs,Gail,Lord,2005-11-01,782,Allan glen,Lake Heathermouth,County,B3 5PR
Mrs,Anne,Bruce,1969-07-08,7,Martyn mountains,Gibsonberg,County,S86 1JE
Mr,Gemma,Green,1956-11-11,800,Hawkins parkways,Nicoleburgh,County,DL2 8BP
Mrs,Aaron,Walker,1959-02-01,33,Wood summit,Lake Lucyville,County,WF95 3RN
Mr,Sophie,Mitchell,1959-08-09,18,Jane ferry,Lindseyborough,County,N2B 6ZW
Mrs,Steven,Simpson,1940-01-02,0,Hawkins mall,Swiftshire,County,S54 4EF
Mrs,Beth,Cooper,1958-01-09,5,White mountain,O'Brienburgh,County,S4D 5NJ
Mrs,Mohammad,Baker,1981-08-26,553,Mason plains,Pughville,County,GU82 9DX
Mr,Eric,Lloyd,1974-05-23,25,Malcolm turnpike,Mohammadshire,County,BH7 2WD
Mr,Geraldine,Johnson,1955-08-03,079,Johnson cove,Oliverfort,County,SY5 6AQ
Mr,Paula,Cooke,2005-06-23,160,Dawson via,South Charlestown,County,EN4 0WS
Mrs,Max,Pearce,2002-07-21,513,Yates mission,South Vanessahaven,County,G7C 7PX
Mrs,Karen,Walton,1957-06-09,9,Wade glens,East Janechester,County,LL35 9NY
Mr,Laura,Taylor,1987-04-16,523,Sims springs,New Sianton,County,G0A 9TA
Mrs,Graham,Thomas,2005-01-05,901,Anne meadow,Morrisborough,County,NG2 9YB
Mrs,Amber,Mann,1968-11-15,23,Clarke glen,West Jonathan,County,M0K 8RF
Mrs,Leonard,Norris,1953-12-09,48,Bryan parkways,Hobbshaven,County,W4 4XS
Mr,Louise,Anderson,1982-07-30,820,Reynolds divide,South Deborah,County,W60 5YH
Mrs,Patrick,Brown,1959-12-22,371,Christian underpass,Port Sean,County,SS8 7UW
Mr,Mark,Jones,2004-12-10,55,Teresa greens,Wilkinsonfurt,County,G8J 5BJ
Mrs,Sally,Chambers,1975-02-14,7,White place,Terryborough,County,TD5 0HJ
Mrs,Joel,Owens,1937-06-17,24,Charlotte fort,Reedfort,County,W7K 6FY
Mrs,Rosie,Taylor,1950-12-13,34,Abbott shoal,Lake Jennifershire,County,B31 2DL
Mrs,Alice,James,2001-01-03,525,Carolyn inlet,Cunninghamshire,County,CM98 6ZW
Mr,Eileen,Smith,1936-01-29,05,Payne meadow,East Reece,County,L21 9AJ
Mr,Aaron,Shah,1991-01-09,0,Robinson springs,Jonestown,County,CO59 3NU
Mrs,Cheryl,Benson,1992-04-09,936,Parkinson prairie,Kyleberg,County,MK65 7UW
Mr,Jennifer,Davies,1941-05-24,0,Akhtar union,Newtonbury,County,N40 6WZ
Mr,Debra,Jones,2002-11-13,88,Jasmine unions,New Diane,County,CM4 0NT
Mr,Lynne,Harrison,1970-05-16,1,Baldwin court,Clarkborough,County,BR9 5TF
Mrs,Ross,Barnes,1944-10-08,5,Turner spur,West Declanborough,County,W27 2QT
Mrs,Donald,Crawford,1988-07-21,0,Shirley village,Aliside,County,HU12 9XA
Mr,Elaine,Lloyd,1942-08-16,97,Read rest,Wrightton,County,B0 8BU
Mr,Ann,Hunt,1962-11-15,2,Brown brook,Martinton,County,B59 8TU
Mrs,Rachael,Waters,1979-05-20,0,Khan rapid,New John,County,DE7 7UA
Mrs,Thomas,Harrison,1941-10-30,81,Shane land,East Leighland,County,E8 8JL
Mrs,Denis,Lewis,1972-05-10,241,Andrew station,Henrymouth,County,B58 8WQ
Mr,Leanne,Bray,2005-11-07,65,Mathew mall,East Clare,County,N4W 4TR
Mrs,Maureen,Watts,1963-11-12,497,Martin view,East Heatherside,County,E8D 1FS
Mr,Deborah,Jones,1984-11-28,2,Jennifer walk,Nichollsfurt,County,S0W 5EJ
Mr,Tracey,Taylor,1946-05-08,3,Franklin turnpike,Jennaport,County,CV1 1DL
Mrs,Natasha,Perry,1966-05-12,06,Brett view,Jonesfurt,County,LE1 1TG
Mr,Jason,Morgan,1957-06-26,19,Savage common,Rhysport,County,S80 9TT
Mr,Samuel,Rogers,2002-04-02,8,Francis rest,Port Glenn,County,SP9V 9XL
Mr,Ruth,Wright,1965-03-27,20,Sharp square,Naomiburgh,County,M97 9TD
Mr,Edward,Greenwood,2005-02-06,040,Butler course,Port Glennside,County,WR0 6XL
Mr,Mandy,Davies,1934-12-06,630,Harvey neck,Welchview,County,BA0 7GE
Mrs,Nicola,Barton,2000-11-27,5,Tina rue,Brandonville,County,CB9 8TT
Mrs,Emma,Hutchinson,1952-10-01,6,Diane parks,Angelaville,County,RH2N 5PR
Mrs,Joel,Gibbs,2001-07-17,34,Joyce island,Joannaport,County,PO99 0GY
Mr,Frances,Morris,1995-12-20,0,Stewart points,Lowebury,County,M4D 3RL
Mrs,Holly,Morgan,1996-11-24,88,Michelle isle,Port Lukebury,County,NP2 9GZ
Mrs,Sarah,Edwards,1999-03-08,312,Marc springs,Juneport,County,SW0 5BZ
Mrs,Harriet,Fletcher,1934-07-19,798,Williams rapids,Dayview,County,M5D 3DA
Mr,Cameron,Newton,1981-08-04,08,Armstrong rest,Lake Howard,County,S2W 6UG
Mr,Simon,Jones,1989-05-02,24,Roberts corners,Dianachester,County,L41 0QA
Mr,Rita,Nelson,1934-02-16,579,Abigail plaza,Hollieport,County,E6W 9PP
Mrs,Kerry,Begum,1963-09-17,64,Terry neck,Knightmouth,County,HR1 8GS
Mr,Charlotte,Arnold,1973-12-03,290,Leigh coves,New Adrian,County,S4D 4GF
Mr,Charlene,Gray,1990-01-13,06,Booth manors,South Frederick,County,SS6 1SU
Mrs,Adam,Pearce,1941-06-17,824,George heights,Lake Neilborough,County,B1U 3BR
Mrs,Adam,Ford,1983-02-06,561,Wright cliffs,New Leon,County,CO2N 5YY
Mr,Nicola,Swift,1962-01-31,670,Iain lodge,Louisport,County,B89 7QS
Mrs,Lesley,White,1969-05-14,4,Berry plains,New Joannestad,County,G4F 9YZ
Mrs,Irene,Thomas,1951-05-09,50,Smith camp,Iaintown,County,HD2H 7LN
Mrs,Andrea,Campbell,1951-04-21,481,Susan island,Lynnview,County,S6K 6LU
Mr,Charlene,Hall,1945-08-17,541,Mann squares,Lake Kylefort,County,IP1V 6YP
Mr,Ben,Rice,1978-02-20,7,Hayley spring,North Martinfurt,County,CT9 2QF
Mrs,Leigh,Scott,1994-05-11,0,Russell track,North Trevorborough,County,S4 7JR
Mrs,Bethan,Barnes,2004-02-04,736,Abdul inlet,North Gavin,County,E06 4AU
Mrs,Jemma,Roberts,1950-06-24,5,Alexander haven,Burrowsville,County,WD25 9FA
Mrs,Kayleigh,Taylor,1960-09-16,07,Dylan knoll,Allenfurt,County,S80 1FD
Mrs,Sylvia,Davies,1973-02-22,969,Collins mews,West Cliveport,County,LU48 9JB
Mr,Katherine,Morgan,1990-10-23,2,Hunter light,North Hugh,County,NG2R 5PT
Mrs,Kenneth,Williams,1984-07-25,2,Jason port,Austinhaven,County,E83 0DU
Mr,Roy,Singh,1955-02-09,0,Bond trafficway,Lake Julia,County,ST8 7GL
Mr,Arthur,Ward,1973-09-06,78,Ryan lock,Smithmouth,County,CB1P 7UX
Mrs,Amber,Jackson,1935-10-07,544,Austin trail,North Leahbury,County,L1 3DZ
Mr,Bruce,Cox,1962-07-27,13,Arthur curve,Priceburgh,County,WD7X 0LX
Mrs,Phillip,Morris,1990-12-19,214,Tina falls,Stevenfurt,County,OL1 1HS
Mr,Marion,Atkins,1952-03-02,88,Phillip plaza,Port Danny,County,SL1 7PP
Mr,Rosemary,Gibbs,1933-07-30,8,Kate wall,South Kayleigh,County,PA9 3ZU
Mr,Caroline,Russell,1965-07-02,09,Hunt curve,Phillipburgh,County,N47 1QG
Mrs,Gordon,Davies,1936-07-07,54,Joanne squares,North Stephanie,County,L8 5BJ
Mr,Alan,Woods,1941-08-21,237,Leah mountain,Braytown,County,B05 9SZ
Mrs,Clare,Warner,1937-04-04,0,Lauren mountains,Port Alisonfurt,County,PL8 2HD
Mrs,Debra,Hughes,1970-02-14,956,Joanna plains,Joannaport,County,W0B 9YP
Mrs,Sylvia,Miller,1984-04-09,77,Wright walks,Simpsonborough,County,B5 7JF
Mrs,Joanne,Williams,1965-07-07,4,Christian ranch,South Pamela,County,DY3 9ZW
Mr,Carol,Lane,1991-10-04,436,Marc union,East Marie,County,E4 1NJ
Mr,Carly,Cross,1962-11-30,62,Denise harbors,Lake Benjaminport,County,G14 0AT
Mr,Glenn,Rowe,2004-06-25,28,Clayton land,New Beverley,County,L6W 6FR
Mrs,Irene,Webb,1980-03-02,24,Barber circle,South Anthonyhaven,County,B06 8SA
Mr,Luke,Patel,1949-01-09,31,Bradley underpass,New Amanda,County,M4U 3FJ
Mrs,Amanda,Ball,1967-01-09,15,Morris corner,Longshire,County,B8 0XG
Mr,Tony,Griffiths,1977-10-22,26,Perry cliffs,North Mariaside,County,BL91 9EU
Mrs,Louis,Wade,1957-03-17,23,Albert expressway,New Justinton,County,M69 9FD
Mrs,Kim,Ellis,1948-06-01,427,Bruce springs,Woodchester,County,PA5 4NR
Mrs,Shannon,Francis,1988-05-01,0,Toby parkways,Talbotview,County,TD2W 3GE
Mrs,Joe,Todd,1979-05-23,47,Deborah estates,West Eleanor,County,DE1 7GJ
Mrs,Ricky,Bradley,1993-10-02,726,Mandy ports,Newmanmouth,County,NE7E 2UZ
Mrs,Daniel,Lewis,1995-12-15,197,Abbott parks,New Claire,County,L0G 4NN
Mrs,Luke,Briggs,1966-04-08,6,Perry knoll,New Kenneth,County,CW18 9JJ
Mrs,Kim,Kelly,1949-06-22,84,Stevenson rapids,Lake Janeburgh,County,LE8H 8DR
Mr,Ellie,Walker,1960-04-01,782,Abbott radial,North Julie,County,CV6 3QT
Mr,Kathleen,Parsons,1933-08-24,3,Griffiths lights,Lisaberg,County,S88 0JU
Mr,Adam,Phillips,1947-06-17,624,Thomas meadow,Port Hannahtown,County,G4 9EA
Mr,Geraldine,Bruce,1955-03-21,535,Sylvia freeway,Chapmanland,County,SL9Y 5QF
Mrs,Tom,Bond,2005-02-07,9,Skinner land,Hugheshaven,County,E03 4WX
Mr,Eileen,Randall,2000-03-17,51,Gerard loop,Jacksonborough,County,KY9H 9GX
Mrs,Ben,Jones,1998-12-07,227,Phillips keys,Patriciamouth,County,GU04 0UL
Mr,Rachael,Wood,1965-06-13,59,Collier stravenue,West Sian,County,W7 5BS
Mr,Leonard,Abbott,1961-07-27,0,Lord harbor,Griffintown,County,S48 4AB
Mrs,Emma,Osborne,1940-06-27,2,Gillian point,Rogersport,County,HX0 2XT
Mr,Kenneth,Patel,1958-07-29,25,Frank run,West Sandraport,County,ZE6V 7YZ
Mrs,Ronald,Goodwin,1943-12-21,68,Louise ford,Robinsonmouth,County,B5S 6WN
Mr,Eric,Daniels,1972-10-05,05,Susan ports,Lake Martin,County,S7 8YX
Mr,Diana,Skinner,1977-08-28,78,Clark meadow,New Allan,County,CA0 1QX
Mr,Donna,Richardson,1981-03-15,2,Janice lock,Kathleenton,County,PL9 7NX
Mrs,Patrick,Clarke,1961-01-13,673,Gallagher lodge,Janicechester,County,S2 8BT
Mrs,Charlene,Cross,1949-10-10,9,Elliot valleys,West Barbara,County,TF5R 3UG
Mrs,Dennis,Wilson,1982-10-15,3,Jack parks,Thompsonside,County,EH8N 9NH
Mr,Tracey,Harris,1957-01-14,5,Atkins isle,West Charlotte,County,M34 0ZA
Mr,Reece,Matthews,1973-03-11,8,Walker turnpike,Pamelachester,County,L54 1YZ
Mr,Joe,Lewis,2003-11-20,1,Danielle alley,Richardsonside,County,B4D 5AZ
Mr,Gordon,Cole,1967-11-23,366,Darren path,South Tomland,County,N6 6EB
Mr,Callum,Miles,1993-05-23,22,Turner curve,New Shanetown,County,M6A 4RJ
Mr,Kimberley,Brown,1980-05-31,1,Zoe loop,Smithmouth,County,AB1 9HB
Mrs,Lynda,Thompson,2004-11-01,17,Gerald drives,South Garyport,County,M33 1NZ
Mr,Lesley,Woods,1961-07-12,710,Winter brook,Traceyborough,County,UB90 0GX
Mr,Mitchell,Wood,1968-11-05,5,Amber curve,West Kayleigh,County,M6 5PB
Mrs,Sean,Collins,1987-08-25,6,Kieran harbors,Lewishaven,County,WV1 6PX
Mr,Joanne,Slater,2001-01-12,81,Joanna roads,East Katherinechester,County,S2B 2TJ
Mr,Frederick,Green,1994-01-15,473,Roy springs,Cherylstad,County,EH7 6GN
Mrs,Irene,Gardiner,1948-07-26,562,Clive mountains,Port Tina,County,BS2 9AW
Mr,Amelia,Hudson,1998-03-08,8,Nelson corners,West Janice,County,LD8 7BY
Mr,Reece,Marshall,1972-07-24,979,Sara forks,East Simonville,County,L7 5HL
Mr,Elizabeth,Davey,1990-11-23,809,Victoria mount,McDonaldton,County,IM5H 8UG
Mr,Lauren,Wilson,1940-04-05,6,Cox ferry,Port Mollymouth,County,W22 7WN
Mrs,Francis,Morrison,1970-01-29,975,Suzanne port,North Holly,County,BD22 5LL
Mrs,Marcus,Turner,1943-10-13,479,Timothy causeway,Martintown,County,BT0P 2RB
Mrs,Gerald,Doherty,1959-07-03,6,Jodie dam,South Terry,County,DH0 8PQ
Mr,Maria,Ashton,1935-12-12,62,Wilson river,New Caroline,County,M2C 4PX
Mr,Anthony,Bell,1961-08-06,636,Justin isle,Port Janicestad,County,HP8 8BS
Mr,Patrick,Walsh,2004-03-26,52,Edwards estate,Grahamville,County,S7C 6UX
Mr,Fiona,Taylor,1939-11-28,165,Mistry forge,Lake Gavinmouth,County,LD9N 2EU
Mrs,Rachel,Lamb,1939-10-05,4,Jones islands,Lloydfort,County,DH0 5LZ
Mr,Paula,Bentley,1985-03-19,723,Rita expressway,Lake Gillianburgh,County,OX7R 5NJ
Mrs,Simon,Connor,1940-07-06,485,Bethan hill,Lake Ashley,County,M0A 8WH
Mrs,Ashley,Kerr,1971-01-28,3,Jennifer fort,North Dylan,County,B55 6YB
Mrs,Connor,Fletcher,1948-08-07,3,Sam expressway,Jonesview,County,KT3N 4WN
Mr,Leonard,Parsons,1966-01-09,0,Clarke via,North Owen,County,TD59 7EU
Mrs,Natasha,Wood,1976-12-09,51,Lee tunnel,South Denismouth,County,DT6 3GY
Mrs,Harry,Harding,1980-02-27,01,Stacey via,East Damianburgh,County,GL38 2EB
Mr,Kim,Watson,2002-07-18,3,Abigail lock,West Nigelborough,County,M28 1PA
Mrs,Rebecca,Ball,1951-04-24,7,Bethan divide,New Timothy,County,DD2 6YF
Mrs,John,Lambert,1984-09-09,32,Welch street,Garystad,County,L7 9RD
Mrs,Ronald,Parkin,1986-02-06,4,Banks drive,Kayleighview,County,B30 7QW
Mr,Sylvia,Bond,1943-04-26,7,Keith square,Rhysshire,County,KY9R 3SR
Mr,Glenn,Walker,1972-05-05,16,Jones field,Port Leah,County,B5U 3ZA
Mr,Natalie,Young,2002-08-12,298,Wright coves,Oliviatown,County,DY0 7BU
Mr,Brett,Davies,1950-11-27,346,Stanley green,Glennfurt,County,LE20 5UB
Mr,Gordon,Haynes,1949-03-24,454,James summit,Jeremyfurt,County,W4 5PG
Mrs,Vincent,Nicholls,1947-06-16,82,Howe passage,South Georginaport,County,SM41 9YB
Mr,Frederick,O'Donnell,1953-05-20,0,Leanne bridge,West Joemouth,County,B8C 0PB
Mrs,Jennifer,Gregory,1965-07-14,2,Williams forges,Port Suzannechester,County,SA7 7XW
Mrs,Patricia,Hewitt,1934-07-26,0,Reynolds lights,East Reeceborough,County,L03 1GU
Mrs,Dawn,Kelly,1962-10-30,43,Louise village,West Rita,County,S7 6QG
Mrs,Iain,Wade,1982-03-08,96,Pugh knoll,Elizabethton,County,S95 3XD
Mr,Janet,Byrne,1963-04-09,114,Victoria shores,Grantport,County,PE9P 6HA
Mrs,Danny,Clements,2003-03-02,0,Luke lane,East Mary,County,S8 9NY
Mrs,Lisa,Gould,1963-05-05,5,Barker wells,Hughside,County,L9F 5RF
Mr,Charlene,Oliver,1983-06-29,123,Robinson overpass,Port Gavin,County,W4B 1BH
Mrs,Chloe,Rees,2003-05-07,11,Colin vista,Carrollburgh,County,M59 1WL
Mrs,Mathew,Blake,1981-02-24,86,Lynda crescent,South Tinaburgh,County,B2J 5EW
Mrs,Amanda,Donnelly,1953-11-14,53,Leigh isle,West Yvonne,County,HA11 3UF
Mr,Ann,Ali,1949-02-27,449,Jessica isle,Heatherbury,County,HD16 8TB
Mr,Paul,Smith,1988-05-29,57,Thomson village,Gregorybury,County,B3 6WS
Mr,Gemma,Kirby,1990-01-25,1,Burrows mountain,Port Georgeborough,County,W89 6XR
Mr,Alexander,May,1937-04-25,1,Hunter ferry,West Joshfort,County,G45 2PP
Mr,Michael,Cook,1963-09-22,96,Phillips plaza,Wilkinsonchester,County,W11 9NB
Mr,Graham,Page,1997-06-14,4,Lynn parkways,Lake Tinaport,County,N8 2TN
Mrs,June,Evans,1934-10-17,8,Morrison gateway,New Fionaland,County,L7H 0DS
Mr,Caroline,Godfrey,1976-04-09,078,Knight passage,Lake Tracey,County,PO9 3BS
Mr,Frank,Lewis,1989-05-30,37,King forks,South Shaun,County,S7 7NR
Mrs,Marilyn,Welch,1955-06-20,12,Robinson loop,North Elliotmouth,County,BL58 5QL
Mr,Kathleen,Atkinson,1938-08-15,7,Bartlett motorway,New Mitchellmouth,County,E85 5WE
Mr,Ellie,Thomas,1971-01-12,49,Carroll extensions,West Kieran,County,SR46 1HZ
Mrs,Chloe,Baker,1966-12-30,9,Scott landing,Hudsonport,County,E1 4HZ
Mrs,James,Burke,1964-04-13,083,Walsh course,West Joyce,County,L5B 2ZA
Mr,Lawrence,Wilson,1992-09-14,458,Walker rapid,New Holly,County,G99 1PH
Mrs,Kimberley,Wilkinson,1975-08-06,987,Hazel roads,New Christine,County,G7E 4BF
Mrs,Callum,Green,1980-12-25,18,Tracy trace,North Timothyfurt,County,W2A 3RF
Mr,Jay,Carter,1973-05-11,79,Donna hill,South Elaine,County,S0 8XA
Mrs,Robin,Fraser,1954-09-16,8,Lauren terrace,Burtonstad,County,L30 0FA
Mr,Joanne,Shaw,1989-01-22,113,Andrea trafficway,East Mollyside,County,IP17 4YD
Mr,Ronald,Preston,1993-12-17,52,Baker loaf,New Melissabury,County,ST9 8LF
Mr,Janice,Jordan,1939-06-06,45,Brooks greens,Frankport,County,M04 7AP
Mr,Maurice,Dale,1989-10-13,4,Williams parks,West Jayne,County,HP0 1EJ
Mrs,Adrian,Taylor,1995-10-11,9,Harrison points,Fitzgeraldfort,County,BH2 8UJ
Mrs,Connor,Douglas,1965-04-17,250,Ann mountains,Foxside,County,E75 2WR
Mrs,Dawn,Townsend,2000-06-16,3,Miller highway,Lucystad,County,G0 1WG
Mr,Lorraine,Bradshaw,1994-10-29,8,Kerry park,Georgefort,County,G35 2QR
Mr,Douglas,Mason,1972-10-26,2,Raymond squares,East Eileen,County,S2G 9YP
Mr,Janice,Ali,1999-12-14,25,Morris ford,Vanessachester,County,EN2 3SD
Mr,Stephanie,Lewis,1933-04-08,42,Aaron prairie,New Samanthaton,County,OX8 7RR
Mr,Pamela,Herbert,1940-08-31,403,Johnson road,Margaretberg,County,L24 6NY
Mr,Jodie,Williamson,1936-04-09,56,Smith haven,Smithchester,County,S6T 9TG
Mr,Lydia,Singh,2002-01-07,955,Evans wells,Port Melissafort,County,TF8 9HL
Mr,Karen,Sykes,1943-08-03,2,Brown lights,Akhtarbury,County,PE7E 6AF
Mrs,Diana,Carpenter,1988-01-07,1,Anderson keys,New Brianberg,County,M0H 7NQ
Mr,Leonard,Fowler,1970-03-21,6,Hargreaves hollow,North Lindaside,County,M3C 7YX
Mrs,Abdul,Cole,1943-01-20,872,Wendy burg,West Meganborough,County,M94 2QY
Mr,Jamie,Edwards,1984-10-15,065,Geoffrey summit,New Diana,County,L1 0SZ
Mrs,Debra,Norris,1988-02-05,8,Robinson orchard,Geraldinefort,County,L88 3JG
Mrs,Mohamed,Parker,1938-04-21,227,Marie common,Turnerbury,County,N3 8UP
Mrs,Ross,Warner,2002-02-11,19,Nicole crescent,West Shaneborough,County,N8 3GL
Mr,Rosemary,Reid,1993-02-23,649,Julie hollow,Aliceside,County,KY91 3AZ
Mrs,Gregory,Gould,1980-12-15,523,Louis fall,Port Rossside,County,M5 4NU
Mr,Brenda,Singh,1980-02-03,8,Linda trail,Joanbury,County,M45 0LW
Mr,Sally,Lynch,1985-06-03,98,Vaughan court,Jodieborough,County,B9 3EQ
Mrs,Roger,Hart,2003-01-02,1,Callum roads,New Tony,County,CA49 2XU
Mr,Peter,Williamson,1993-07-06,9,Jones common,North Martin,County,PL8W 7YS
Mrs,Jayne,Palmer,1968-05-02,5,Cooke meadows,Lake Howardborough,County,L9A 1XH
Mr,Zoe,Townsend,1965-01-07,1,Wade ports,East Jillbury,County,PR6E 0AN
Mrs,Declan,Marshall,1970-09-13,00,Richards lane,Lake Helen,County,JE2M 6JL
Mr,Kimberley,Jenkins,1976-10-24,972,Susan center,Johnsonhaven,County,L6 4ZY
Mr,Samuel,Smith,1938-05-05,59,Martin spring,New Danny,County,KY1N 8DY
Mr,Josh,Cooper,1994-09-13,012,Jeffrey landing,Port Danielfort,County,PH2H 9YL
Mrs,Debra,Walker,1934-01-31,53,Watkins springs,Adrianshire,County,L44 4AA
Mrs,Joseph,O'Neill,2005-06-14,53,Lynne motorway,South Rosie,County,G6 4JS
Mrs,Nathan,Palmer,1976-02-28,709,Wayne pass,Gregoryport,County,NN52 4SE
Mr,Valerie,Walker,1953-10-25,2,Dean inlet,Brayville,County,N90 4UE
Mr,Cameron,Phillips,1951-03-14,942,Julie neck,North Carolemouth,County,M22 4QH
Mr,Ross,Clarke,1972-02-20,36,Oliver highway,Pattersonchester,County,MK4Y 7SD
Mrs,Mark,Donnelly,1973-07-02,314,Wilson dale,Wayneberg,County,PE7 6YY
Mr,Mary,Tyler,1969-01-20,63,Reeves row,Readberg,County,ML81 9ZQ
Mr,Barry,Bowen,1963-08-28,695,Kimberley lakes,Port Nicholas,County,M8T 6WL
Mrs,Glen,Green,1983-03-27,4,Jessica stream,Glenmouth,County,W11 1HB
Mrs,Max,Welch,2003-03-01,8,Peter oval,Juliahaven,County,TW4 1PR
Mrs,Molly,Whitehouse,1988-11-19,8,Henderson view,Wallhaven,County,SA1 1WP
Mr,Karl,Jarvis,2005-03-17,524,Raymond points,North Christopher,County,S58 0XJ
Mr,Graeme,Fox,1972-10-12,78,Charlie stravenue,Lorraineberg,County,HU7W 5XG
Mrs,Carolyn,Bailey,1966-10-25,003,Megan throughway,Justinside,County,B8 6HF
Mr,Holly,Jones,1974-03-20,9,Robinson square,North Timothy,County,RH9 1TD
Mr,Ryan,Payne,1998-09-01,01,Lynne via,Arnoldfurt,County,DE3H 5YL
Mr,Josephine,Leonard,1986-12-12,1,Ben spring,South Wayne,County,E03 0GZ
Mrs,Dean,Brown,2004-04-09,019,Darren summit,Walkermouth,County,E22 3DZ
Mr,Marc,Johnson,1966-02-04,2,Shannon causeway,Port Ryan,County,L0S 2PS
Mrs,Darren,North,1936-09-27,765,Barnes dam,Chapmanmouth,County,N70 4JU
Mr,Graham,Carter,1935-07-15,6,Powell mountains,Port Katyville,County,G8F 0AX
Mr,Iain,Smith,1993-10-19,349,Davison hills,Mosston,County,WC0X 4RB
Mr,Laura,Wright,1969-02-17,290,Kelly brooks,Lake Martinburgh,County,IM2N 5WN
Mr,Lisa,Kelly,1966-05-30,18,Mitchell views,Hamiltonburgh,County,SY9X 8ZX
Mr,Sam,Thomas,1934-06-14,3,Taylor cove,East Gordonport,County,S68 6QT
Mr,Vanessa,Butler,1955-09-14,85,Barnes rest,East Jeffreyfurt,County,BS23 1NR
Mr,Marion,Barnes,1978-04-20,9,Clark throughway,North Rossside,County,EX8A 7QP
Mr,Joyce,Lawrence,1991-08-10,400,Hunt wells,South Fionaberg,County,NN4 3ZB
Mr,Marian,Shah,1955-08-18,759,Graham spurs,West Danielburgh,County,W48 7EH
Mrs,Kathleen,Hart,1955-11-05,314,Terence shore,Smithfort,County,NN4B 3QY
Mrs,Catherine,Pritchard,2004-10-07,70,Baker knoll,Taylorview,County,E7 9TE
Mr,Ellie,Barker,1981-08-05,433,Victor rapids,Ruthton,County,GU3 5JS
Mr,Gavin,Hancock,1988-05-24,643,Marian ramp,Lake Jennifer,County,IM4 7BU
Mr,Dawn,Reid,1967-01-15,13,David extension,South Scottchester,County,PE7 1YP
Mr,Geraldine,Stephens,1977-04-08,456,Rita extension,Joneston,County,M6B 2AQ
Mr,Owen,Townsend,1948-12-22,7,Rebecca walk,Port Christopherhaven,County,CA1 2WD
Mr,Anna,Evans,1977-05-17,404,Leonard common,Joycefurt,County,EX11 7BG
Mr,Denise,Green,1942-08-28,41,Damien loaf,East Conorfort,County,BH4E 7UF
Mr,Emma,Fowler,1991-03-17,895,Elliott causeway,Andreaview,County,SR8V 9DZ
Mr,Katy,Clark,1948-02-21,889,Julie corner,Lake Jessicaland,County,E2G 2PG
Mr,Debra,James,1970-10-30,93,Crawford causeway,West Georgiaport,County,LN5 2YB
Mr,Russell,Wilson,1987-07-21,139,Richard passage,Wilsonstad,County,BA4V 9LZ
Mrs,Jane,Williams,1949-05-01,85,Irene islands,Angelatown,County,W8J 7QJ
Mrs,Elliot,Matthews,1940-11-10,0,Henry orchard,Petermouth,County,UB6M 9UR
Mrs,Abbie,Potter,2000-02-11,30,Jayne unions,Hannahchester,County,W32 2FX
Mrs,Aimee,Hodgson,1951-03-17,61,Macdonald summit,Hilarymouth,County,E10 0WU
Mrs,Malcolm,Ashton,1970-05-08,2,Victoria mountains,Joemouth,County,ST74 1DH
Mr,Jeffrey,Preston,1995-12-23,81,Scott plaza,Dennisstad,County,WR5R 4BB
Mrs,Jill,Woods,1994-07-05,78,Dylan inlet,Michaelland,County,LN1V 9EE
Mrs,Nicholas,Lawrence,1948-03-11,670,Spencer mills,Danielfort,County,SS32 9WU
Mrs,Shaun,Hughes,1972-11-15,91,Allen shores,Natalieburgh,County,WF6V 6NT
Mrs,Alex,Williams,1951-04-12,178,George place,Evansville,County,BR89 9BH
Mr,Steven,Burton,1955-11-17,778,Sandra locks,New Harry,County,L92 5BS
Mr,Suzanne,White,1993-11-02,4,Tucker bridge,New Kevinstad,County,B58 8NG
Mr,Ellie,Hughes,1973-01-13,459,Malcolm ranch,Mitchelltown,County,W0 0SF
Mrs,Damian,Smith,1962-04-22,6,Harvey via,Whittakershire,County,CB08 2ER
Mr,Suzanne,Duffy,1988-01-27,589,Brown port,Marcmouth,County,S5 2XR
Mr,Heather,Williams,1982-08-21,0,Heath cliff,Kathrynburgh,County,W1A 8AU
Mrs,Mohammed,Sullivan,1969-03-30,78,Roberts parkways,Port Traceychester,County,DT7 5JY
Mrs,Andrew,Peters,1937-01-10,04,Burke trail,West Philipmouth,County,E86 1HN
Mrs,Howard,Brown,1966-07-05,916,Cole view,West Jadeport,County,L6D 1UY
Mr,Charlotte,Brown,1948-09-20,274,Sandra landing,Buckleyview,County,N5K 9BX
Mr,Eric,Donnelly,1969-10-13,49,Pratt meadow,Port Edward,County,BA6X 8RT
Mrs,Bethany,Scott,1964-05-03,52,Eric pines,West Tracy,County,N6 8RB
Mr,Jacqueline,Dickinson,1986-09-27,465,Maureen flat,New Rachael,County,FY22 3PE
Mr,Annette,Williams,1936-07-06,015,Maureen expressway,Francisville,County,SO59 9LB
Mr,Gary,Cross,1938-11-10,76,Jackson well,South Timothy,County,SO71 6LN
Mrs,Vincent,John,1970-12-03,9,Janet mountain,South Roystad,County,W7 1UJ
Mr,Tracey,Cameron,1969-05-04,57,George isle,West Tracy,County,W76 5RS
Mrs,Anna,Edwards,1941-10-10,988,Donna fall,West Barry,County,W7 0NW
Mrs,Anthony,Watson,1948-07-30,339,Hughes street,North Ann,County,S07 0DA
Mrs,Jordan,Hudson,1986-09-13,250,Fry hills,Port Jenna,County,CW7 8TX
Mr,Patricia,Hughes,1979-01-27,3,Booth valleys,South Kevinborough,County,L2T 3BR
Mr,Tracey,Smith,1943-08-10,7,Cook tunnel,South Rosemary,County,DD7W 5UW
Mrs,Alex,Kennedy,1964-02-27,388,Paula isle,New Gareth,County,M8W 7PF
Mrs,Heather,Burke,1980-10-31,79,Irene estate,North Carolebury,County,N2 0DF
Mrs,Elliot,Dennis,1939-06-12,062,Nelson valleys,Barnettberg,County,L16 8NE
Mr,Hannah,Baker,1941-09-13,98,Franklin shoal,Lake Barbara,County,EC8 1JA
Mr,Victor,Akhtar,1956-03-14,4,Jones mill,South Meganborough,County,W4 7RT
Mr,Roger,Black,1946-06-05,662,Lesley divide,Kathrynberg,County,B35 9QN
Mrs,Denise,Moore,1941-10-20,389,Baker terrace,New Sharonview,County,M1U 7XZ
Mr,Joanne,Bird,1966-01-26,507,Parkinson crossroad,Rickymouth,County,BH6 7QR
Mr,Wayne,Noble,1987-01-29,274,Parsons shores,West Teresaport,County,DL6 0HB
Mr,Amanda,Richards,1966-12-25,38,James squares,Port Kerryland,County,NG0M 5HL
Mr,Billy,Shaw,1960-09-25,819,Wright station,South Anthonytown,County,W12 1PH
Mr,Marcus,Williams,1981-05-31,317,Rita well,Wardville,County,B33 2RJ
Mrs,Paige,Cook,1957-01-27,2,Alexandra key,West Hollie,County,N5 0ZL
Mr,Bradley,Roberts,1982-06-10,2,Connolly creek,Kieranbury,County,B9 0FA
Mr,Kirsty,Campbell,1983-04-29,9,Lynn stravenue,East Bethan,County,L81 9ZE
Mrs,Tony,Walker,1984-09-30,697,Hughes crest,Rossfort,County,N4 9RQ
Mr,Sylvia,Wall,1995-05-03,270,Mark springs,Meganton,County,L8 1NR
Mr,Conor,Walsh,1943-10-10,7,Lucy ways,New Mollyport,County,W2 3AP
Mrs,Nicholas,Chandler,1966-12-07,263,Kieran crossing,Hammondstad,County,G33 1YR
Mr,Antony,Watson,1969-06-30,44,Philip stream,West Alberttown,County,L1 5XN
Mr,Simon,Howarth,1935-03-03,326,Garry canyon,East Benbury,County,M53 9QU
Mrs,Dale,Brown,1963-08-22,5,Barber fork,Matthewfort,County,GY4 2LA
Mrs,Diane,Cox,1973-10-23,0,O'Neill vista,Lewischester,County,B4 2GY
Mrs,Abbie,Parry,1941-04-18,65,Kimberley ford,South Richard,County,G0W 3EP
Mr,Lynda,Thomas,1985-12-28,2,Coates rue,Allenburgh,County,SY6 7PF
Mrs,Jane,Hunt,1988-05-01,31,Jamie field,North Robertchester,County,N0 4YG
Mrs,Hayley,Dunn,1996-07-04,4,Chapman unions,South Lesleystad,County,G33 6JX
Mr,Jemma,Edwards,1983-12-18,9,Smith stravenue,Lake Damien,County,PH9 4DB
Mrs,Kate,Smith,1970-03-10,782,Brown burgs,East Gavin,County,E81 0EL
Mrs,Bernard,Gibson,1963-10-28,504,Davis flats,North Owenborough,County,MK50 0QL
Mr,Lorraine,Faulkner,1964-02-12,8,Josh gardens,Lake Elliemouth,County,SE6Y 9BY
Mr,Marion,Carroll,1975-02-15,9,Sara meadow,Davismouth,County,B8D 0JT
Mrs,Suzanne,Powell,1981-01-24,65,Leach gardens,Natalieborough,County,ME3B 6XX
Mr,Helen,Davies,1942-12-16,76,Hancock loop,West Angela,County,G3 0FP
Mr,Yvonne,Parker,1975-08-17,03,Hunter mall,South Kathryn,County,G1J 0FA
Mrs,Sara,James,2001-11-18,73,Scott hollow,Turnerport,County,SL2 1BW
Mrs,Clifford,Thompson,1977-08-11,208,Joshua lodge,Dianaport,County,G28 4NB
Mr,Declan,Webster,1958-02-28,3,Edwards pass,Port Naomi,County,G5 9AB
Mr,Elaine,Hutchinson,2001-11-06,4,Vincent river,New Joelton,County,DH0P 8NE
Mr,Damian,Mistry,1943-03-07,335,Collins throughway,Richardsonberg,County,E9A 2JY
Mr,Mandy,Foster,1992-09-02,982,Wong center,Lake Francescamouth,County,B4 6YQ
Mr,Shannon,Harper,1969-08-31,20,Adrian land,New Bethanstad,County,NN1N 4UT
Mr,Victor,Simpson,1959-09-28,72,Newman fall,Morrismouth,County,G0B 9SU
Mr,Jordan,Kay,1978-09-25,722,Turner pike,Sianmouth,County,E24 8TQ
Mrs,Alex,Jones,1980-04-26,5,Paige pine,Readberg,County,M1 6YA
Mr,Mohamed,Freeman,1985-04-10,427,Moran stream,Hallborough,County,OX5 4PH
Mrs,Tracey,Ali,2004-08-05,22,Williams shores,Lake Frederick,County,L7H 2EQ
Mrs,Owen,Matthews,1973-03-31,455,Philip motorway,Laurenfurt,County,LS86 0UT
Mrs,Marie,Gill,1958-09-13,8,Thompson extension,Hicksside,County,E97 5XX
Mrs,Reece,Barker,1944-03-20,95,Morley forks,New Phillipview,County,B6 7TD
Mrs,Jodie,Lamb,1973-04-21,169,Johnson fork,Reynoldschester,County,E15 3QU
Mr,Damien,Green,1987-02-19,569,Wells corners,South Mitchellfurt,County,LE3E 7XE
Mrs,Diane,Jones,1942-01-06,5,Smart summit,West Maryfort,County,NG5N 2QA
Mrs,Adrian,Bailey,1979-11-20,902,Jenkins tunnel,New Danielle,County,GL4R 6EF
Mr,Kevin,Reynolds,1986-02-28,839,Vincent haven,Josephinehaven,County,SR3 2UX
Mrs,Karen,French,1974-06-19,622,Smith ways,Pamelafurt,County,E2 9YW
Mr,Charlene,James,1984-09-24,04,Bradley isle,East Carly,County,E39 7RA
Mr,Megan,Davies,1951-02-25,01,Chelsea squares,Bakerbury,County,IP4 1UG
Mr,Claire,Savage,1962-12-27,457,Roy parkways,Kellyfort,County,M2 3UD
Mr,Francesca,Sanders,1990-07-27,037,Murray bridge,South Damian,County,L4F 4GU
Mr,Ricky,George,1937-06-08,360,Clark tunnel,Reecefort,County,CT8 7XD
Mr,Amelia,Parsons,1996-08-31,6,Fisher key,East Duncanton,County,GL64 2EJ
Mr,Rita,Collins,1977-02-19,9,Doherty mission,New Simon,County,S70 6GB
Mrs,Kerry,Miles,1961-02-16,47,Stanley village,Lake Duncan,County,M8 0XU
Mrs,Diane,White,1993-11-20,0,Cunningham ferry,West Georgiabury,County,E7H 7AH
Mr,Sara,Harper,1984-02-09,987,Bradley island,North Ashleigh,County,G3 6SB
Mr,Craig,Johnson,1940-09-28,457,Harriet road,Lake Adamport,County,B8C 4XS
Mrs,Leah,Watson,1951-04-10,1,Angela common,West Iain,County,E78 6ND
Mr,Andrew,Smith,1977-06-14,35,Roberts shoals,Rebeccaborough,County,NE17 8LG
Mr,Toby,Brown,1965-12-04,48,Arthur grove,Pricefort,County,HA2 3YR
Mrs,Melissa,Bond,1957-05-20,65,Nicholson crossroad,New Mollychester,County,M69 3RZ
Mrs,Tracy,Williams,1960-09-14,30,Stuart street,Wilkinsonburgh,County,S0 5BA
Mr,Robin,Knight,1952-04-13,2,Patel greens,West Clare,County,N8 3LY
Mrs,Lucy,Moss,1938-09-20,6,Lewis avenue,South Dannyside,County,M1 2EX
Mrs,Jacqueline,Edwards,1986-05-05,253,Osborne tunnel,South Davidfurt,County,DD1 3DJ
Mrs,Jennifer,White,1975-05-28,6,Tina ferry,East Rachelmouth,County,L3 6GR
Mr,David,Ferguson,1996-02-04,3,Lee springs,Dunnbury,County,B8F 5FY
Mrs,Terry,Holmes,1978-04-04,3,Barton center,Byrnefort,County,G8 1AJ
Mrs,Leslie,Chapman,1944-01-27,5,Butler plains,New Mohammedberg,County,CF7H 1TW
Mr,Alan,Hart,1987-06-06,26,Patrick union,Port Melissa,County,RG7 3TP
Mrs,Gemma,North,1954-08-12,686,Martin motorway,Lake Christophermouth,County,LL0 0YZ
Mrs,Guy,Taylor,2003-02-02,6,Kayleigh orchard,Robinsonside,County,WS3 9ZH
Mrs,Christopher,Williamson,2001-08-09,502,Michael squares,Lake Sylvia,County,S44 3LQ
Mr,Jane,Nicholson,1997-03-19,4,Michelle plaza,Batesport,County,L9B 8PW
Mr,Patricia,Bowen,1968-09-07,759,Jenna plaza,Dominicport,County,M6 1TY
Mr,Tony,Reid,2000-04-29,10,Amber square,North Beverley,County,SL91 5FX
Mrs,Charlotte,Robinson,2003-04-15,152,Whitehead wall,East Lucyfurt,County,TA5Y 5SW
Mrs,Susan,McKenzie,1985-05-29,183,Donna plains,West Kimberley,County,PH4H 7BX
Mrs,Marie,Kelly,1950-06-26,407,Little junction,West Francesca,County,G3 2HW
Mr,Bryan,Shah,1984-08-02,61,Graham center,Ryanburgh,County,SK3X 5WJ
Mr,Rachel,Berry,1973-08-01,07,Charlotte shore,Julieland,County,W0 1GZ
Mr,Stuart,Lamb,1963-10-20,8,Curtis divide,East Rachel,County,B55 3QD
Mrs,Caroline,Read,1962-03-31,655,Paul shore,Jasminemouth,County,HX95 1RT
Mrs,Malcolm,Pearson,1964-07-26,3,Damian plaza,New Richard,County,RM2 4GA
Mrs,Damien,Payne,1982-05-18,151,Smith club,South Hollychester,County,GU1 6DR
Mr,Neil,Carr,1995-08-14,221,Jack highway,Haynesport,County,L3 7JW
Mrs,Leah,Chapman,1984-09-18,749,Ross coves,Simpsonborough,County,M52 1BE
Mrs,Phillip,Morgan,1966-06-25,514,Kimberley glen,Port Seanchester,County,L40 2WN
Mrs,Paul,Lee,2002-05-10,65,Lloyd hill,Lake Shane,County,CH8X 0XQ
Mrs,Sam,Graham,1978-09-23,5,Cole lock,Moorebury,County,L32 1GN
Mrs,Teresa,Carr,1945-05-27,31,Stanley meadows,Khanburgh,County,TD2A 1RZ
Mr,Steven,Fowler,1945-09-05,1,Chambers manors,West Barbara,County,W95 1JU
Mrs,Diana,Willis,1951-01-24,32,Brian land,Jonesberg,County,PL4Y 3DS
Mrs,Laura,Hill,1958-01-14,14,Paige forest,North Frankburgh,County,SM7W 1FQ
Mr,Stuart,May,1965-09-30,5,Todd fords,North Abbieport,County,W1 4DA
Mrs,Thomas,Hardy,1989-06-02,45,Bull mountains,North Brettland,County,G2 4QY
Mrs,Anthony,Parker,1977-05-09,344,Lisa cove,Wallaceview,County,B36 5JS
Mrs,Donald,Berry,1934-10-26,2,Kieran vista,Karenshire,County,W19 7PL
Mr,Robert,Green,1939-04-22,0,Hooper canyon,Saraview,County,CA8 3BZ
Mrs,Chelsea,Wilkins,1975-10-20,814,Stanley mountain,Sullivanchester,County,WN0 4QL
Mrs,Teresa,Read,1978-12-19,1,Smith spur,Sarahaven,County,NR59 1PA
Mrs,Rachael,Lloyd,1937-11-24,75,Duffy orchard,Swiftport,County,LE32 2ND
Mr,Leah,Smith,1964-04-30,134,Barnes fields,Bradyhaven,County,L97 7RW
Mr,Dominic,Dobson,1986-01-31,4,Kirsty square,Marychester,County,BD8 0HJ
Mr,Michael,Rowley,1944-06-02,062,Jean camp,Walkerchester,County,E07 4BP
Mrs,Ellie,Davies,1937-09-20,3,Williams trail,Shaunland,County,B6 3WD
Mrs,Conor,Sanders,1968-04-17,50,Jones village,Owenside,County,PH2 1LS
Mrs,Chelsea,Baldwin,1937-12-17,11,Scott summit,Chloetown,County,AB3 2BU
Mrs,Oliver,Woods,1949-03-11,135,Khan lane,West Lynne,County,CA18 5BB
Mrs,Natasha,Kennedy,2005-01-07,44,Collins canyon,New Justin,County,L2 5ZD
Mr,Eleanor,Ryan,1964-03-09,35,Rowe springs,Grahamside,County,LA10 7GF
Mrs,James,O'Neill,1962-11-12,8,Ashley plains,Powellfurt,County,AB47 3LT
Mr,Amber,Williams,1936-11-05,120,Holland stream,North Mitchellside,County,BT4A 6GB
Mrs,Denise,Herbert,1982-12-23,19,Richard parkway,Jemmaton,County,HD2N 9BJ
Mr,Catherine,Hodgson,1967-04-23,73,Roy ford,West Carolynmouth,County,HD9M 6EZ
Mrs,Shirley,Howarth,1996-09-28,097,Georgia motorway,Emmaport,County,BS3Y 7TJ
Mrs,Abigail,Chapman,1993-07-01,7,Heather islands,New Peterfurt,County,N6 6UQ
Mr,Jodie,Brown,1996-11-17,00,Adrian lodge,New Barbara,County,GU0 6AF
Mr,Maureen,Kerr,1967-02-24,4,Rosie light,South Karen,County,N1K 4HN
Mr,Kerry,Watkins,1941-02-21,29,Trevor trafficway,Quinnton,County,AL2 4EH
Mrs,Rita,Cox,1989-12-21,59,Timothy isle,Walshburgh,County,LN6 9YX
Mr,Angela,Cox,1959-08-25,8,Lorraine grove,Port Gregory,County,BR0 8LQ
Mr,Brenda,Fletcher,1982-09-05,679,Hussain rapids,Stephenbury,County,W1C 2GR
Mr,Garry,Metcalfe,1981-11-21,898,Davis lodge,New Joshuaport,County,B82 2YH
Mr,Lydia,Lowe,1987-11-27,55,Allan shore,South Brandon,County,B0 7AW
Mr,Andrew,West,1963-02-04,6,Edwards square,Port Gerald,County,YO3 5YF
Mrs,Tracy,Williams,1964-08-06,0,Donald causeway,Port Valerieberg,County,WD75 8LH
Mrs,Brenda,Jones,2005-11-21,4,Colin shoals,Annechester,County,M7K 7BP
Mrs,George,Curtis,1986-07-25,410,Elizabeth ferry,Cooperberg,County,W4 9FL
Mrs,David,Bell,1963-07-17,2,Derek plaza,Kingtown,County,PH31 3BH
Mr,Amber,Wright,1937-01-09,9,Brown extension,East Dorothystad,County,HX3A 6TE
Mrs,Lee,Baker,1991-10-07,82,Douglas locks,New Jacobton,County,S8B 8GH
Mrs,Jacqueline,Murphy,1973-10-27,777,Woods track,Port Callumshire,County,W2A 6SW
Mrs,Shannon,Williams,1989-10-24,338,Joyce extension,Ericmouth,County,WS0 0SJ
Mr,Alan,Banks,1977-03-19,7,Fletcher canyon,East Ruthberg,County,W6 9WN
Mr,Tracy,Rees,1936-04-28,37,Johnson courts,Taylorberg,County,G0 8LT
Mr,Tina,Scott,1933-10-13,656,Davies neck,Tomtown,County,E5S 2GN
Mrs,Ronald,Lord,1979-10-11,1,Brown center,East Cheryl,County,WD3N 5FE
Mrs,Toby,Stewart,1967-12-09,649,Kay spurs,Harrischester,County,E05 0ZS
Mr,Leonard,Gordon,1935-08-02,1,James mountains,Kathrynville,County,B60 0WA
Mrs,Alice,Lowe,1934-12-31,992,Lloyd estate,Heatherport,County,N75 3LQ
Mrs,Lynn,Thomas,1983-06-17,181,Sylvia plain,Joshborough,County,E31 5JP
Mr,Luke,Fuller,1959-03-01,542,Herbert land,South Alexander,County,N27 7QW
Mr,Gerard,Harrison,1958-12-06,96,Jones villages,West Jamie,County,W6F 4LR
Mr,Simon,Russell,1943-02-20,1,Lawrence river,Jonesberg,County,B10 2AG
Mrs,Denis,Wallace,1978-12-22,95,Myers corner,Lordview,County,W8A 7BG
Mr,Nicholas,Atkinson,1988-01-30,38,David lodge,Bradleystad,County,G6 4ZX
Mr,Callum,Elliott,1975-10-03,8,Day park,Sarafurt,County,M33 7AS
Mrs,Emily,Dixon,1943-05-03,2,Glen garden,Richardsonland,County,N3 2SE
Mr,Bruce,Brooks,1940-12-17,85,Williams fork,Alanmouth,County,SG4B 5SQ
Mrs,Joel,Vaughan,1939-08-04,67,Max freeway,Batesside,County,M8 3JJ
Mrs,Martyn,Osborne,1969-12-24,4,Johnson road,Lake Marilynshire,County,S4 4XS
Mr,Sarah,Harrison,1968-12-21,55,Smith route,South Mark,County,E70 0WW
Mrs,Jean,Ali,1980-05-17,5,Greenwood ridges,Jeremystad,County,E7C 0BG
Mr,Allan,Bond,1967-10-10,48,Smith cliff,East Kieran,County,E9 4HA
Mrs,Leanne,White,1969-07-08,80,Norman mountains,Lesleyburgh,County,KT2P 9LB
Mrs,Samantha,Dean,1966-04-10,0,French lake,Spencerside,County,NP8X 4TY
Mr,Amber,Palmer,1980-11-16,028,O'Connor haven,Wrightton,County,SS85 4YH
Mrs,Anthony,Gould,1968-08-23,996,Sutton crest,East Louisefort,County,PA7 3UN
Mr,Rachael,Newton,1942-05-20,8,Lane fords,McLeanmouth,County,B2 5RN
Mr,Rachel,James,1940-06-16,06,Mandy crest,Youngmouth,County,AB6H 3HS
Mrs,Vanessa,George,2000-03-12,605,Palmer circles,Williamshaven,County,UB1X 6BH
Mrs,Jemma,Greenwood,1958-05-01,64,Matthews trail,West Karl,County,WD14 0GT
Mrs,Tina,Martin,1953-12-21,4,Paul vista,Goughport,County,W5 2XG
Mr,Ryan,Edwards,1958-04-27,70,Fiona prairie,Port Howard,County,SM79 5ZA
Mr,Jordan,Smith,1960-02-05,32,Stone street,New Gavinfort,County,PO40 4PG
Mr,Vanessa,Brown,1957-05-21,8,Ahmed square,South Anna,County,SG3 9QT
Mr,Josephine,Hill,1995-02-27,19,Wallace street,Rowemouth,County,NR1 0GF
Mrs,Julie,Chapman,1947-12-30,1,Hazel drive,New Sian,County,AB1 5GQ
Mrs,Karl,Potter,2004-10-06,67,Watson cliffs,Alanberg,County,L0A 1RS
Mr,Samantha,Daniels,1996-03-22,55,Wilkinson valley,New Frances,County,B1U 8US
Mrs,Shaun,Clark,1964-10-11,854,Fiona trafficway,West Richard,County,S27 6SX
Mr,Liam,Kennedy,1943-03-02,550,Harris crossroad,Port Brandon,County,B69 4WY
Mr,Paige,Walker,1945-12-29,5,Charlotte shores,Thomsonberg,County,W58 3EU
Mrs,Ryan,Ellis,1985-06-18,80,Hicks manors,Staceyton,County,G3S 1TB
Mr,Mandy,Wilkinson,1980-07-04,026,Patel manors,Katemouth,County,DT6 5SG
